,Listing Price,Address,Number of Bedrooms,Number of Bathrooms,Area(sq-ft.),Property Type
0,"USD $48,438","Krishnarajapura, Bangalore, Karnataka",2,2,"1,011.00 sq ft",Apartment
1,"USD $146,607","Krishnarajapura, Bangalore, Karnataka",4,5,"3,060.00 sq ft",Apartment
2,"USD $133,671","Krishnarajapura, Bangalore, Karnataka",4,5,"2,790.00 sq ft",Apartment
3,"USD $50,737","Krishnarajapura, Bangalore, Karnataka",2,2,"1,059.00 sq ft",Apartment
4,"USD $95,390","Krishnarajapura, Bangalore, Karnataka",3,4,"1,991.00 sq ft",Apartment
5,"USD $77,136","Krishnarajapura, Bangalore, Karnataka",3,3,"1,610.00 sq ft",Apartment
6,"USD $60,751","Krishnarajapura, Bangalore, Karnataka",2,2,"1,268.00 sq ft",Apartment
7,"USD $116,040","Krishnarajapura, Bangalore, Karnataka",4,4,"2,422.00 sq ft",Apartment
8,"USD $28,986","Krishnarajapura, Bangalore, Karnataka",1,1,605.00 sq ft,Apartment
9,"USD $128,078","Mogappair, Chennai, Tamil Nadu",2,2,"1,288.00 sq ft",Apartment
10,"USD $135,635","Mogappair, Chennai, Tamil Nadu",2,2,"1,364.00 sq ft",Apartment
11,"USD $64,688","Rajarhat, Kolkata, West Bengal",2,2,609.00 sq ft,Apartment
12,"USD $83,859","Rajarhat, Kolkata, West Bengal",2,2,744.00 sq ft,Apartment
13,"USD $88,654","Rajarhat, Kolkata, West Bengal",3,3,753.00 sq ft,Apartment
14,"USD $83,864","Rajarhat, Kolkata, West Bengal",2,2,757.00 sq ft,Apartment
15,"USD $281,539","Bandra East, Mumbai, Maharashtra",1,1,635.00 sq ft,Apartment
16,,"Bandra East, Mumbai, Maharashtra",,,,Unit
17,"USD $99,435","Rajarhat, Kolkata, West Bengal",3,3,882.00 sq ft,Apartment
18,"USD $65,889","Poonamallee, Chennai, Tamil Nadu",2,2,711.00 sq ft,Apartment
19,"USD $100,638","Shela, Ahmedabad, Gujarat",3,3,"1,750.00 sq ft",Apartment
20,"USD $54,420","Rajarhat, Kolkata, West Bengal",3,3,882.00 sq ft,Apartment
21,"USD $84,218","Hebbal, Bangalore, Karnataka",1,1,486.00 sq ft,Apartment
22,"USD $81,707","Rajarhat, Kolkata, West Bengal",3,3,"1,042.00 sq ft",Apartment
23,"USD $56,771","Rajarhat, Kolkata, West Bengal",2,2,724.00 sq ft,Apartment
24,"USD $224,038","Begur, Bangalore, Karnataka",3,3,"1,501.00 sq ft",Apartment
25,"USD $73,462","Oragadam, Chennai, Tamil Nadu",3,3,"1,407.00 sq ft",Apartment
26,"USD $286,792","Hebbal, Bangalore, Karnataka",3,3,"1,655.00 sq ft",Apartment
27,"USD $65,056","Oragadam, Chennai, Tamil Nadu",2,2,"1,246.00 sq ft",Apartment
28,"USD $49,967","Oragadam, Chennai, Tamil Nadu",2,2,957.00 sq ft,Apartment
29,"USD $71,278","Rajarhat, Kolkata, West Bengal",3,3,909.00 sq ft,Apartment
30,"USD $601,669","Mahadevapura, Bangalore, Karnataka",4,4,"3,720.00 sq ft",Apartment
31,"USD $222,526","Navallur, Chennai, Tamil Nadu",4,4,"2,925.00 sq ft",Apartment
32,"USD $479,142","Hebbal, Bangalore, Karnataka",4,4,"2,765.00 sq ft",Apartment
33,"USD $230,029","Begur, Bangalore, Karnataka",3,3,"1,556.00 sq ft",Apartment
34,"USD $35,725","Rajarhat, Kolkata, West Bengal",1,1,579.00 sq ft,Apartment
35,"USD $51,652","Bagaluru Near Yelahanka, Bangalore, Karnataka",3,3,971.00 sq ft,Apartment
36,"USD $269,565","Begur, Bangalore, Karnataka",3,3,"1,820.00 sq ft",Apartment
37,"USD $74,525","Bagaluru Near Yelahanka, Bangalore, Karnataka",3,3,"1,401.00 sq ft",Apartment
38,"USD $46,275","Rajarhat, Kolkata, West Bengal",2,2,750.00 sq ft,Apartment
39,"USD $641,457","Mahadevapura, Bangalore, Karnataka",4,4,"3,966.00 sq ft",Apartment
40,"USD $55,674","Rajarhat, Kolkata, West Bengal",2,2,710.00 sq ft,Apartment
41,"USD $73,880","Oragadam, Chennai, Tamil Nadu",3,3,"1,415.00 sq ft",Apartment
42,"USD $55,756","Bagaluru Near Yelahanka, Bangalore, Karnataka",2,2,740.00 sq ft,Apartment
43,"USD $74,493","Rajarhat, Kolkata, West Bengal",2,2,950.00 sq ft,Apartment
44,"USD $176,116","Begur, Bangalore, Karnataka",3,3,"1,185.00 sq ft",Apartment
45,"USD $234,806","Hebbal, Bangalore, Karnataka",3,3,"1,355.00 sq ft",Apartment
46,"USD $281,546","Begur, Bangalore, Karnataka",3,3,"1,892.00 sq ft",Apartment
47,"USD $248,486","Whitefield Hope Farm Junction, Bangalore, Karnataka",3,3,"1,550.00 sq ft",Apartment
48,"USD $156,947","Sahakar Nagar, Bangalore, Karnataka",3,3,"1,335.00 sq ft",Apartment
49,"USD $323,049","Sahakar Nagar, Bangalore, Karnataka",3,3,"1,935.00 sq ft",Apartment
50,"USD $162,960","Whitefield Hope Farm Junction, Bangalore, Karnataka",3,3,"1,727.00 sq ft",Apartment
51,"USD $291,289","Whitefield Hope Farm Junction, Bangalore, Karnataka",3,3,"1,817.00 sq ft",Apartment
52,"USD $95,931","Yeshwantpur, Bangalore, Karnataka",2,2,"1,039.00 sq ft",Apartment
53,"USD $323,478","Sahakar Nagar, Bangalore, Karnataka",4,4,"2,765.00 sq ft",Apartment
54,"USD $288,734","Sahakar Nagar, Bangalore, Karnataka",4,4,"2,500.00 sq ft",Apartment
55,"USD $226,218","Sahakar Nagar, Bangalore, Karnataka",3,3,"1,355.00 sq ft",Apartment
56,"USD $433,221","Hebbal, Bangalore, Karnataka",4,4,"2,500.00 sq ft",Apartment
57,"USD $78,677","Shela, Ahmedabad, Gujarat",3,3,"1,510.00 sq ft",Apartment
58,"USD $206,067","Whitefield Hope Farm Junction, Bangalore, Karnataka",4,4,"2,200.00 sq ft",Apartment
59,"USD $167,729","Sahakar Nagar, Bangalore, Karnataka",3,3,"1,355.00 sq ft",Apartment
60,"USD $353,491","Whitefield Hope Farm Junction, Bangalore, Karnataka",4,4,"2,205.00 sq ft",Apartment
61,"USD $61,101","Perungalathur, Chennai, Tamil Nadu",1,1,625.00 sq ft,Apartment
62,"USD $222,840","Sahakar Nagar, Bangalore, Karnataka",3,3,"1,935.00 sq ft",Apartment
63,"USD $331,397","Sahakar Nagar, Bangalore, Karnataka",3,3,"1,985.00 sq ft",Apartment
64,"USD $1,424,540","Kokapet, Hyderabad, Andhra Pradesh",4,4,"8,811.00 sq ft",Apartment
65,"USD $158,063","Whitefield Hope Farm Junction, Bangalore, Karnataka",2,2,"1,632.00 sq ft",Apartment
66,"USD $152,154","Sahakar Nagar, Bangalore, Karnataka",3,3,"1,320.00 sq ft",Apartment
67,"USD $417,376","Sahakar Nagar, Bangalore, Karnataka",4,4,"2,500.00 sq ft",Apartment
68,"USD $191,691","Sahakar Nagar, Bangalore, Karnataka",3,3,"1,655.00 sq ft",Apartment
69,"USD $228,831","Sahakar Nagar, Bangalore, Karnataka",3,3,"1,985.00 sq ft",Apartment
70,"USD $1,317,789","Kokapet, Hyderabad, Andhra Pradesh",4,4,"8,151.00 sq ft",Apartment
71,"USD $182,166","Whitefield Hope Farm Junction, Bangalore, Karnataka",3,3,"2,117.00 sq ft",Apartment
72,"USD $220,375","Sahakar Nagar, Bangalore, Karnataka",3,3,"1,320.00 sq ft",Apartment
73,"USD $119,807","Whitefield Hope Farm Junction, Bangalore, Karnataka",2,2,"1,237.00 sq ft",Apartment
74,"USD $115,880","Yeshwantpur, Bangalore, Karnataka",3,3,"1,255.00 sq ft",Apartment
75,"USD $214,685","Whitefield Hope Farm Junction, Bangalore, Karnataka",4,4,"2,292.00 sq ft",Apartment
76,"USD $1,257,558","Kokapet, Hyderabad, Andhra Pradesh",5,5,"7,778.00 sq ft",Apartment
77,"USD $52,599","Yeshwantpur, Bangalore, Karnataka",1,1,570.00 sq ft,Apartment
78,"USD $352,689","Whitefield Hope Farm Junction, Bangalore, Karnataka",4,4,"2,200.00 sq ft",Apartment
79,"USD $367,438","Whitefield Hope Farm Junction, Bangalore, Karnataka",4,4,"2,292.00 sq ft",Apartment
80,"USD $1,306,477","Kokapet, Hyderabad, Andhra Pradesh",5,5,"8,081.00 sq ft",Apartment
81,"USD $95,474","Yeshwantpur, Bangalore, Karnataka",2,2,"1,034.00 sq ft",Apartment
82,"USD $359,743","Whitefield Hope Farm Junction, Bangalore, Karnataka",4,4,"2,244.00 sq ft",Apartment
83,"USD $216,423","Whitefield Hope Farm Junction, Bangalore, Karnataka",2,2,"1,350.00 sq ft",Apartment
84,"USD $276,303","Sahakar Nagar, Bangalore, Karnataka",3,3,"1,655.00 sq ft",Apartment
85,"USD $173,039","Perungalathur, Chennai, Tamil Nadu",3,3,"1,770.00 sq ft",Apartment
86,"USD $353,811","Whitefield Hope Farm Junction, Bangalore, Karnataka",4,4,"2,207.00 sq ft",Apartment
87,"USD $155,749","Whitefield Hope Farm Junction, Bangalore, Karnataka",3,3,"1,810.00 sq ft",Apartment
88,"USD $146,164","Whitefield Hope Farm Junction, Bangalore, Karnataka",3,3,"1,549.00 sq ft",Apartment
89,"USD $296,580","Whitefield Hope Farm Junction, Bangalore, Karnataka",3,3,"1,850.00 sq ft",Apartment
90,"USD $461,618","Sahakar Nagar, Bangalore, Karnataka",4,4,"2,765.00 sq ft",Apartment
91,"USD $1,061,512","Kokapet, Hyderabad, Andhra Pradesh",4,4,"6,566.00 sq ft",Apartment
92,"USD $75,478","Sahakar Nagar, Bangalore, Karnataka",1,1,486.00 sq ft,Apartment
93,"USD $134,423","Perungalathur, Chennai, Tamil Nadu",2,2,"1,375.00 sq ft",Apartment
94,,"Perungalathur, Chennai, Tamil Nadu",,,,Unit
95,"USD $87,626","Yeshwantpur, Bangalore, Karnataka",2,2,949.00 sq ft,Apartment
96,"USD $170,125","Perungalathur, Chennai, Tamil Nadu",3,3,"1,725.00 sq ft",Apartment
97,"USD $137,778","Perungalathur, Chennai, Tamil Nadu",3,3,"1,385.00 sq ft",Apartment
98,"USD $215,652","New Town, Kolkata, West Bengal",3,3,"1,500.00 sq ft",Apartment
99,"USD $305,507","New Town, Kolkata, West Bengal",4,4,"2,600.00 sq ft",Apartment
100,"USD $275,555","New Town, Kolkata, West Bengal",4,4,"2,200.00 sq ft",Apartment
101,"USD $114,941","Tollygunge, Kolkata, West Bengal",3,2,953.00 sq ft,Apartment
102,"USD $121,787","Tollygunge, Kolkata, West Bengal",3,3,"1,047.00 sq ft",Apartment
103,"USD $121,632","Tollygunge, Kolkata, West Bengal",3,3,"1,056.00 sq ft",Apartment
104,"USD $43,410","Electronic City Phase 1, Bangalore, Karnataka",2,2,520.00 sq ft,Apartment
105,"USD $107,695","Tollygunge, Kolkata, West Bengal",3,2,935.00 sq ft,Apartment
106,"USD $118,543","Electronic City Phase 1, Bangalore, Karnataka",3,3,"1,420.00 sq ft",Apartment
107,"USD $122,136","Tollygunge, Kolkata, West Bengal",3,3,"1,050.00 sq ft",Apartment
108,"USD $70,208","Electronic City Phase 1, Bangalore, Karnataka",3,3,841.00 sq ft,Apartment
109,"USD $120,365","Tollygunge, Kolkata, West Bengal",3,3,"1,045.00 sq ft",Apartment
110,"USD $120,740","Tollygunge, Kolkata, West Bengal",3,3,"1,038.00 sq ft",Apartment
111,"USD $77,972","Electronic City Phase 1, Bangalore, Karnataka",3,3,934.00 sq ft,Apartment
112,"USD $117,709","Electronic City Phase 1, Bangalore, Karnataka",3,3,"1,410.00 sq ft",Apartment
113,"USD $172,523","Tollygunge, Kolkata, West Bengal",4,4,"1,431.00 sq ft",Apartment
114,"USD $122,369","Tollygunge, Kolkata, West Bengal",3,3,"1,052.00 sq ft",Apartment
115,"USD $118,126","Electronic City Phase 1, Bangalore, Karnataka",3,3,"1,415.00 sq ft",Apartment
116,"USD $75,764","Tollygunge, Kolkata, West Bengal",2,2,650.00 sq ft,Apartment
117,"USD $58,771","Electronic City Phase 1, Bangalore, Karnataka",2,2,704.00 sq ft,Apartment
118,"USD $120,250","Tollygunge, Kolkata, West Bengal",3,3,"1,044.00 sq ft",Apartment
119,"USD $73,666","Tollygunge, Kolkata, West Bengal",2,2,632.00 sq ft,Apartment
120,"USD $122,780","Tollygunge, Kolkata, West Bengal",3,2,"1,018.00 sq ft",Apartment
121,"USD $73,083","Tollygunge, Kolkata, West Bengal",2,2,627.00 sq ft,Apartment
122,"USD $86,403","Electronic City Phase 1, Bangalore, Karnataka",2,2,"1,035.00 sq ft",Apartment
123,"USD $109,513","Tollygunge, Kolkata, West Bengal",3,2,908.00 sq ft,Apartment
124,"USD $175,779","Tollygunge, Kolkata, West Bengal",4,4,"1,458.00 sq ft",Apartment
125,"USD $119,810","Tollygunge, Kolkata, West Bengal",3,3,"1,030.00 sq ft",Apartment
126,"USD $124,114","Tollygunge, Kolkata, West Bengal",3,3,"1,067.00 sq ft",Apartment
127,"USD $107,273","Electronic City Phase 1, Bangalore, Karnataka",3,3,"1,285.00 sq ft",Apartment
128,"USD $92,664","Electronic City Phase 1, Bangalore, Karnataka",2,2,"1,110.00 sq ft",Apartment
129,"USD $120,135","Tollygunge, Kolkata, West Bengal",3,3,"1,043.00 sq ft",Apartment
130,"USD $178,069","Tollygunge, Kolkata, West Bengal",4,4,"1,477.00 sq ft",Apartment
131,"USD $62,527","Electronic City Phase 1, Bangalore, Karnataka",2,2,749.00 sq ft,Apartment
132,"USD $176,140","Tollygunge, Kolkata, West Bengal",4,4,"1,461.00 sq ft",Apartment
133,"USD $109,089","Tollygunge, Kolkata, West Bengal",3,2,936.00 sq ft,Apartment
134,"USD $76,813","Tollygunge, Kolkata, West Bengal",2,2,659.00 sq ft,Apartment
135,"USD $123,986","Tollygunge, Kolkata, West Bengal",3,2,"1,028.00 sq ft",Apartment
136,"USD $179,154","Tollygunge, Kolkata, West Bengal",4,4,"1,486.00 sq ft",Apartment
137,"USD $76,580","Tollygunge, Kolkata, West Bengal",2,2,657.00 sq ft,Apartment
138,"USD $122,717","Electronic City Phase 1, Bangalore, Karnataka",3,3,"1,470.00 sq ft",Apartment
139,"USD $103,099","Electronic City Phase 1, Bangalore, Karnataka",2,2,"1,235.00 sq ft",Apartment
140,"USD $107,825","Tollygunge, Kolkata, West Bengal",3,2,894.00 sq ft,Apartment
141,"USD $70,124","Electronic City Phase 1, Bangalore, Karnataka",3,3,840.00 sq ft,Apartment
142,"USD $57,435","Electronic City Phase 1, Bangalore, Karnataka",2,2,688.00 sq ft,Apartment
143,"USD $88,073","Electronic City Phase 1, Bangalore, Karnataka",2,2,"1,055.00 sq ft",Apartment
144,"USD $113,117","Electronic City Phase 1, Bangalore, Karnataka",3,3,"1,355.00 sq ft",Apartment
145,"USD $74,365","Tollygunge, Kolkata, West Bengal",2,2,638.00 sq ft,Apartment
146,"USD $74,016","Tollygunge, Kolkata, West Bengal",2,2,635.00 sq ft,Apartment
147,"USD $74,482","Tollygunge, Kolkata, West Bengal",2,2,639.00 sq ft,Apartment
148,"USD $113,535","Electronic City Phase 1, Bangalore, Karnataka",3,3,"1,360.00 sq ft",Apartment
149,"USD $106,439","Electronic City Phase 1, Bangalore, Karnataka",3,3,"1,275.00 sq ft",Apartment
150,"USD $177,346","Tollygunge, Kolkata, West Bengal",4,4,"1,471.00 sq ft",Apartment
151,"USD $92,247","Electronic City Phase 1, Bangalore, Karnataka",2,2,"1,105.00 sq ft",Apartment
152,"USD $120,826","Tollygunge, Kolkata, West Bengal",3,3,"1,049.00 sq ft",Apartment
153,"USD $76,930","Tollygunge, Kolkata, West Bengal",2,2,660.00 sq ft,Apartment
154,"USD $59,439","Electronic City Phase 1, Bangalore, Karnataka",2,2,712.00 sq ft,Apartment
155,"USD $110,840","Tollygunge, Kolkata, West Bengal",3,2,919.00 sq ft,Apartment
156,"USD $69,193","Rajarhat, Kolkata, West Bengal",3,3,862.00 sq ft,Apartment
157,"USD $70,684","Rajarhat, Kolkata, West Bengal",2,2,623.00 sq ft,Apartment
158,"USD $69,514","Rajarhat, Kolkata, West Bengal",3,3,866.00 sq ft,Apartment
159,"USD $72,243","Rajarhat, Kolkata, West Bengal",3,3,900.00 sq ft,Apartment
160,"USD $63,654","Rajarhat, Kolkata, West Bengal",2,2,793.00 sq ft,Apartment
161,"USD $68,230","Rajarhat, Kolkata, West Bengal",3,3,850.00 sq ft,Apartment
162,"USD $304,611","Bettadasanapura, Bangalore, Karnataka",4,4,"2,730.00 sq ft",Apartment
163,"USD $255,256","Bettadasanapura, Bangalore, Karnataka",4,4,"2,345.00 sq ft",Apartment
164,"USD $835,470","Hebbal, Bangalore, Karnataka",5,5,"4,865.00 sq ft",Apartment
165,"USD $639,358","Hebbal, Bangalore, Karnataka",4,4,"3,930.00 sq ft",Apartment
166,"USD $639,358","Hebbal, Bangalore, Karnataka",4,4,"3,900.00 sq ft",Apartment
167,"USD $604,105","Hebbal, Bangalore, Karnataka",3,3,"3,225.00 sq ft",Apartment
168,"USD $668,244","Hebbal, Bangalore, Karnataka",4,4,"3,895.00 sq ft",Apartment
169,"USD $89,988","Rajarhat, Kolkata, West Bengal",3,3,918.00 sq ft,Apartment
170,"USD $95,183","Rajarhat, Kolkata, West Bengal",3,3,971.00 sq ft,Apartment
171,"USD $115,008","Rajarhat, Kolkata, West Bengal",3,3,"1,186.00 sq ft",Apartment
172,"USD $61,677","Rajarhat, Kolkata, West Bengal",2,2,638.00 sq ft,Apartment
173,"USD $105,574","Rajarhat, Kolkata, West Bengal",3,3,"1,077.00 sq ft",Apartment
174,"USD $115,105","Rajarhat, Kolkata, West Bengal",3,3,"1,187.00 sq ft",Apartment
175,"USD $313,893","Padmanabha Nagar, Bangalore, Karnataka",4,4,"2,356.00 sq ft",Apartment
176,"USD $539,370","Sector 33 Sohna, Gurgaon, Haryana",4,4,"4,502.00 sq ft",House
177,"USD $349,716","Sector 33 Sohna, Gurgaon, Haryana",3,3,"2,919.00 sq ft",House
178,"USD $449,275","Sector 33 Sohna, Gurgaon, Haryana",3,3,"3,750.00 sq ft",House
179,"USD $145,116","Sector 33 Sohna, Gurgaon, Haryana",2,2,"1,275.00 sq ft",Apartment
180,"USD $223,080","Sector 33 Sohna, Gurgaon, Haryana",3,3,"1,960.00 sq ft",Apartment
181,"USD $202,138","Sector 33 Sohna, Gurgaon, Haryana",3,3,"1,776.00 sq ft",Apartment
182,"USD $195,764","Sector 33 Sohna, Gurgaon, Haryana",3,3,"1,720.00 sq ft",Apartment
183,"USD $158,279","Varthur, Bangalore, Karnataka",2,2,"1,387.00 sq ft",Apartment
184,"USD $152,753","Sector 33 Sohna, Gurgaon, Haryana",2,2,"1,275.00 sq ft",Apartment
185,"USD $212,777","Sector 33 Sohna, Gurgaon, Haryana",3,3,"1,776.00 sq ft",Apartment
186,"USD $144,367","Sector 33 Sohna, Gurgaon, Haryana",2,2,"1,205.00 sq ft",Apartment
187,"USD $212,255","Varthur, Bangalore, Karnataka",3,3,"1,860.00 sq ft",Apartment
188,"USD $206,067","Sector 33 Sohna, Gurgaon, Haryana",3,3,"1,720.00 sq ft",Apartment
189,"USD $234,821","Sector 33 Sohna, Gurgaon, Haryana",3,3,"1,960.00 sq ft",Apartment
190,"USD $205,408","Varthur, Bangalore, Karnataka",3,3,"1,800.00 sq ft",Apartment
191,"USD $289,358","Kondapur, Hyderabad, Andhra Pradesh",3,3,"2,597.00 sq ft",Apartment
192,"USD $152,160","Cossipore, Kolkata, West Bengal",3,3,"1,500.00 sq ft",Apartment
193,"USD $203,690","Cossipore, Kolkata, West Bengal",4,4,"1,920.00 sq ft",Apartment
194,"USD $282,339","Kondapur, Hyderabad, Andhra Pradesh",3,3,"2,534.00 sq ft",Apartment
195,"USD $95,843","Cossipore, Kolkata, West Bengal",2,2,910.00 sq ft,Apartment
196,"USD $121,010","Cossipore, Kolkata, West Bengal",3,3,"1,200.00 sq ft",Apartment
197,"USD $93,074","Kollur, Hyderabad, Andhra Pradesh",2,2,"1,295.00 sq ft",Apartment
198,"USD $107,449","Kollur, Hyderabad, Andhra Pradesh",3,3,"1,495.00 sq ft",Apartment
199,"USD $136,197","Kollur, Hyderabad, Andhra Pradesh",3,3,"1,895.00 sq ft",Apartment
200,"USD $114,636","Kollur, Hyderabad, Andhra Pradesh",3,3,"1,595.00 sq ft",Apartment
201,"USD $157,759","Kollur, Hyderabad, Andhra Pradesh",3,3,"2,195.00 sq ft",Apartment
202,"USD $125,805","Mogappair, Chennai, Tamil Nadu",2,2,"1,228.00 sq ft",Apartment
203,"USD $95,849","Mogappair, Chennai, Tamil Nadu",2,2,"1,027.00 sq ft",Apartment
204,"USD $539,141","Sector 63, Gurgaon, Haryana",4,4,"2,700.00 sq ft",Apartment
205,"USD $497,212","Sector 63, Gurgaon, Haryana",3,3,"2,300.00 sq ft",Apartment
206,"USD $95,837","Joka, Kolkata, West Bengal",3,3,"1,333.00 sq ft",Apartment
207,"USD $113,807","Joka, Kolkata, West Bengal",3,3,"1,390.00 sq ft",Apartment
208,"USD $89,845","Joka, Kolkata, West Bengal",2,2,"1,027.00 sq ft",Apartment
209,"USD $92,243","Joka, Kolkata, West Bengal",3,3,"1,283.00 sq ft",Apartment
210,"USD $67,087","Joka, Kolkata, West Bengal",2,2,877.00 sq ft,Apartment
211,"USD $89,288","Porur, Chennai, Tamil Nadu",1,1,"1,079.00 sq ft",Apartment
212,"USD $757,777","Sector 61, Gurgaon, Haryana",4,4,"2,750.00 sq ft",Apartment
213,"USD $115,489","Porur, Chennai, Tamil Nadu",2,2,"1,391.00 sq ft",Apartment
214,"USD $117,962","Porur, Chennai, Tamil Nadu",2,2,"1,410.00 sq ft",Apartment
215,"USD $108,004","Porur, Chennai, Tamil Nadu",2,2,"1,317.00 sq ft",Apartment
216,"USD $128,199","Porur, Chennai, Tamil Nadu",2,2,"1,549.00 sq ft",Apartment
217,"USD $98,167","Porur, Chennai, Tamil Nadu",1,1,"1,192.00 sq ft",Apartment
218,"USD $107,409","Yelahanka, Bangalore, Karnataka",3,3,"1,065.00 sq ft",Apartment
219,"USD $112,754","Yelahanka, Bangalore, Karnataka",3,3,"1,118.00 sq ft",Apartment
220,"USD $118,458","Nagarbhavi, Bangalore, Karnataka",2,2,"1,053.00 sq ft",Apartment
221,"USD $71,884","Kanakapura, Bangalore, Karnataka",1,1,605.00 sq ft,Apartment
222,"USD $128,193","Talaghattapura, Bangalore, Karnataka",3,2,"1,106.00 sq ft",Apartment
223,"USD $94,802","Yelahanka, Bangalore, Karnataka",2,2,940.00 sq ft,Apartment
224,,"Junnasandra, Bangalore, Karnataka",,,,Unit
225,"USD $242,357","New Town, Kolkata, West Bengal",3,3,"1,839.00 sq ft",Apartment
226,"USD $200,580","New Town, Kolkata, West Bengal",3,3,"1,522.00 sq ft",Apartment
227,"USD $258,756","Bhat, Ahmedabad, Gujarat",4,4,"4,455.00 sq ft",Apartment
228,"USD $263,461","Bhat, Ahmedabad, Gujarat",4,4,"4,536.00 sq ft",Apartment
229,"USD $487,182","Sector 36A, Gurgaon, Haryana",3,3,"1,955.00 sq ft",Apartment
230,"USD $492,166","Sector 36A, Gurgaon, Haryana",3,3,"1,975.00 sq ft",Apartment
231,"USD $490,172","Sector 36A, Gurgaon, Haryana",3,2,"1,967.00 sq ft",Apartment
232,"USD $492,415","Sector 36A, Gurgaon, Haryana",3,3,"1,976.00 sq ft",Apartment
233,"USD $632,464","Sector 36A, Gurgaon, Haryana",3,3,"2,538.00 sq ft",Apartment
234,"USD $1,103,946","Sector 36A, Gurgaon, Haryana",4,4,"4,430.00 sq ft",Apartment
235,"USD $1,583,154","Sector 36A, Gurgaon, Haryana",4,4,"6,353.00 sq ft",Apartment
236,"USD $177,212","Sector 33 Sohna, Gurgaon, Haryana",3,2,"1,557.00 sq ft",Apartment
237,"USD $256,554","Mogappair, Chennai, Tamil Nadu",4,4,"2,580.00 sq ft",Apartment
238,"USD $183,963","Mogappair, Chennai, Tamil Nadu",3,3,"1,850.00 sq ft",Apartment
239,"USD $159,912","Sector 33 Sohna, Gurgaon, Haryana",2,2,"1,405.00 sq ft",Apartment
240,"USD $173,911","Sector 33 Sohna, Gurgaon, Haryana",2,2,"1,528.00 sq ft",Apartment
241,"USD $69,554","Budigere Cross, Bangalore, Karnataka",2,2,775.00 sq ft,Apartment
242,"USD $227,177","Sector 33 Sohna, Gurgaon, Haryana",3,3,"1,996.00 sq ft",Apartment
243,"USD $190,187","Sector 33 Sohna, Gurgaon, Haryana",3,3,"1,671.00 sq ft",Apartment
244,"USD $157,636","Sector 33 Sohna, Gurgaon, Haryana",2,2,"1,385.00 sq ft",Apartment
245,"USD $138,221","Mogappair, Chennai, Tamil Nadu",3,2,"1,390.00 sq ft",Apartment
246,"USD $186,946","Mogappair, Chennai, Tamil Nadu",3,3,"1,880.00 sq ft",Apartment
247,"USD $835,253","Whitefield Hope Farm Junction, Bangalore, Karnataka",4,7,"5,576.00 sq ft",Apartment
248,"USD $96,478","Budigere Cross, Bangalore, Karnataka",2,2,"1,075.00 sq ft",Apartment
249,"USD $195,896","Mogappair, Chennai, Tamil Nadu",3,3,"1,970.00 sq ft",Apartment
250,"USD $36,092","Poonamallee, Chennai, Tamil Nadu",1,1,392.00 sq ft,Apartment
251,"USD $70,152","Poonamallee, Chennai, Tamil Nadu",2,2,757.00 sq ft,Apartment
252,"USD $32,593","Poonamallee, Chennai, Tamil Nadu",1,1,354.00 sq ft,Apartment
253,"USD $141,252","Sector 33 Sohna, Gurgaon, Haryana",3,3,"1,179.00 sq ft",Apartment
254,"USD $116,613","Devanahalli, Bangalore, Karnataka",3,3,"1,477.00 sq ft",Apartment
255,"USD $51,793","Devanahalli, Bangalore, Karnataka",1,1,656.00 sq ft,Apartment
256,"USD $611,373","Mahadevapura, Bangalore, Karnataka",4,4,"3,780.00 sq ft",Apartment
257,"USD $121,271","Devanahalli, Bangalore, Karnataka",3,3,"1,536.00 sq ft",Apartment
258,"USD $65,067","Budigere Cross, Bangalore, Karnataka",2,2,725.00 sq ft,Apartment
259,"USD $634,017","Mahadevapura, Bangalore, Karnataka",4,4,"3,920.00 sq ft",Apartment
260,"USD $644,530","Mahadevapura, Bangalore, Karnataka",4,4,"3,985.00 sq ft",Apartment
261,"USD $584,536","Sector 62, Gurgaon, Haryana",3,3,"2,568.00 sq ft",Apartment
262,"USD $638,060","Mahadevapura, Bangalore, Karnataka",4,4,"3,945.00 sq ft",Apartment
263,"USD $118,982","Devanahalli, Bangalore, Karnataka",3,3,"1,507.00 sq ft",Apartment
264,"USD $117,481","Devanahalli, Bangalore, Karnataka",3,3,"1,488.00 sq ft",Apartment
265,"USD $112,822","Miyapur, Hyderabad, Andhra Pradesh",3,3,"1,495.00 sq ft",Apartment
266,,"Hinjewadi, Pune, Maharashtra",,,,Unit
267,"USD $114,756","Mogappair, Chennai, Tamil Nadu",3,3,"1,377.00 sq ft",Apartment
268,"USD $170,009","Mogappair, Chennai, Tamil Nadu",4,4,"2,040.00 sq ft",Apartment
269,"USD $632,464","Sector 36A, Gurgaon, Haryana",3,3,"2,538.00 sq ft",Apartment
270,"USD $416,268","Hebbal, Bangalore, Karnataka",4,4,"2,500.00 sq ft",Apartment
271,,"Hebbal, Bangalore, Karnataka",,,,Unit
272,"USD $92,911","Madhyamgram, Kolkata, West Bengal",3,3,"1,449.00 sq ft",Apartment
273,"USD $78,099","Madhyamgram, Kolkata, West Bengal",3,3,"1,218.00 sq ft",Apartment
274,"USD $86,370","Madhyamgram, Kolkata, West Bengal",3,3,"1,347.00 sq ft",Apartment
275,"USD $79,253","Madhyamgram, Kolkata, West Bengal",3,3,"1,236.00 sq ft",Apartment
276,"USD $129,535","Cossipore, Kolkata, West Bengal",3,3,"1,370.00 sq ft",Apartment
277,"USD $176,811","Cossipore, Kolkata, West Bengal",4,4,"1,870.00 sq ft",Apartment
278,"USD $189,576","Cossipore, Kolkata, West Bengal",4,4,"2,005.00 sq ft",Apartment
279,"USD $148,446","Cossipore, Kolkata, West Bengal",3,3,"1,570.00 sq ft",Apartment
280,"USD $121,026","Cossipore, Kolkata, West Bengal",3,2,"1,280.00 sq ft",Apartment
281,"USD $149,391","Cossipore, Kolkata, West Bengal",3,3,"1,580.00 sq ft",Apartment
282,"USD $151,282","Cossipore, Kolkata, West Bengal",3,3,"1,600.00 sq ft",Apartment
283,"USD $131,794","Cossipore, Kolkata, West Bengal",3,3,"1,300.00 sq ft",Apartment
284,"USD $152,228","Cossipore, Kolkata, West Bengal",3,3,"1,610.00 sq ft",Apartment
285,"USD $117,244","Cossipore, Kolkata, West Bengal",3,3,"1,240.00 sq ft",Apartment
286,"USD $379,787","Whitefield Hope Farm Junction, Bangalore, Karnataka",4,4,"2,470.00 sq ft",Apartment
287,"USD $407,343","Whitefield Hope Farm Junction, Bangalore, Karnataka",4,4,"2,615.00 sq ft",Apartment
288,"USD $96,696","Bachupally, Hyderabad, Andhra Pradesh",2,2,"1,110.00 sq ft",Apartment
289,"USD $77,861","Perungalathur, Chennai, Tamil Nadu",2,2,824.00 sq ft,Apartment
290,"USD $88,102","Madhyamgram, Kolkata, West Bengal",3,3,"1,374.00 sq ft",Apartment
291,"USD $97,976","Madhyamgram, Kolkata, West Bengal",4,4,"1,528.00 sq ft",Apartment
292,"USD $57,520","Madhyamgram, Kolkata, West Bengal",2,2,897.00 sq ft,Apartment
293,"USD $70,340","Madhyamgram, Kolkata, West Bengal",3,3,"1,097.00 sq ft",Apartment
294,"USD $81,561","Madhyamgram, Kolkata, West Bengal",3,3,"1,272.00 sq ft",Apartment
295,"USD $66,074","Poonamallee, Chennai, Tamil Nadu",2,2,713.00 sq ft,Apartment
296,"USD $131,066","Mogappair, Chennai, Tamil Nadu",2,2,"1,066.00 sq ft",Apartment
297,"USD $203,879","Mogappair, Chennai, Tamil Nadu",3,3,"1,658.00 sq ft",Apartment
298,"USD $158,867","Mogappair, Chennai, Tamil Nadu",2,2,"1,292.00 sq ft",Apartment
299,"USD $126,288","Mogappair, Chennai, Tamil Nadu",2,2,"1,270.00 sq ft",Apartment
300,"USD $149,213","Sector 33 Sohna, Gurgaon, Haryana",2,2,"1,311.00 sq ft",Apartment
301,"USD $93,431","Sector 33 Sohna, Gurgaon, Haryana",2,2,780.00 sq ft,Apartment
302,"USD $136,663","Vanagaram, Chennai, Tamil Nadu",2,2,"1,037.00 sq ft",Apartment
303,"USD $136,268","Vanagaram, Chennai, Tamil Nadu",2,2,"1,034.00 sq ft",Apartment
304,"USD $78,809","Vanagaram, Chennai, Tamil Nadu",1,1,598.00 sq ft,Apartment
305,"USD $77,491","Vanagaram, Chennai, Tamil Nadu",1,1,588.00 sq ft,Apartment
306,"USD $136,795","Vanagaram, Chennai, Tamil Nadu",2,2,"1,038.00 sq ft",Apartment
307,"USD $78,413","Vanagaram, Chennai, Tamil Nadu",1,1,595.00 sq ft,Apartment
308,"USD $184,107","Vanagaram, Chennai, Tamil Nadu",3,2,"1,397.00 sq ft",Apartment
309,"USD $100,369","Miyapur, Hyderabad, Andhra Pradesh",2,2,"1,330.00 sq ft",Apartment
310,"USD $78,282","Vanagaram, Chennai, Tamil Nadu",1,1,594.00 sq ft,Apartment
311,"USD $78,677","Vanagaram, Chennai, Tamil Nadu",1,1,597.00 sq ft,Apartment
312,"USD $78,150","Vanagaram, Chennai, Tamil Nadu",1,1,593.00 sq ft,Apartment
313,"USD $80,127","Vanagaram, Chennai, Tamil Nadu",1,1,608.00 sq ft,Apartment
314,"USD $65,518","Poonamallee, Chennai, Tamil Nadu",2,2,707.00 sq ft,Apartment
315,"USD $125,798","Porur, Chennai, Tamil Nadu",2,2,"1,548.00 sq ft",Apartment
316,"USD $97,762","Shela, Ahmedabad, Gujarat",3,3,"1,700.00 sq ft",Apartment
317,"USD $147,362","Begur, Bangalore, Karnataka",2,2,983.00 sq ft,Apartment
318,"USD $258,782","Whitefield Hope Farm Junction, Bangalore, Karnataka",3,3,"1,730.00 sq ft",Apartment
319,"USD $300,715","Whitefield Hope Farm Junction, Bangalore, Karnataka",4,4,"1,970.00 sq ft",Apartment
320,"USD $253,074","Whitefield Hope Farm Junction, Bangalore, Karnataka",3,3,"1,660.00 sq ft",Apartment
321,"USD $293,526","Whitefield Hope Farm Junction, Bangalore, Karnataka",4,4,"1,895.00 sq ft",Apartment
322,"USD $366,608","Whitefield Hope Farm Junction, Bangalore, Karnataka",4,4,"2,385.00 sq ft",Apartment
323,"USD $257,584","Whitefield Hope Farm Junction, Bangalore, Karnataka",3,3,"1,720.00 sq ft",Apartment
324,"USD $279,562","Thanisandra, Bangalore, Karnataka",3,3,"2,003.00 sq ft",Apartment
325,"USD $271,873","Thanisandra, Bangalore, Karnataka",3,3,"1,948.00 sq ft",Apartment
326,"USD $323,469","Thanisandra, Bangalore, Karnataka",3,3,"1,680.00 sq ft",Apartment
327,"USD $203,667","Thanisandra, Bangalore, Karnataka",2,2,"1,280.00 sq ft",Apartment
328,"USD $233,538","Thanisandra, Bangalore, Karnataka",3,3,"1,674.00 sq ft",Apartment
329,"USD $271,705","Thanisandra, Bangalore, Karnataka",3,3,"1,947.00 sq ft",Apartment
330,"USD $280,162","Thanisandra, Bangalore, Karnataka",3,3,"2,008.00 sq ft",Apartment
331,"USD $304,528","Thanisandra, Bangalore, Karnataka",3,3,"2,182.00 sq ft",Apartment
332,"USD $304,402","Thanisandra, Bangalore, Karnataka",3,3,"2,181.00 sq ft",Apartment
333,"USD $279,981","Thanisandra, Bangalore, Karnataka",3,3,"2,006.00 sq ft",Apartment
334,"USD $386,064","Thanisandra, Bangalore, Karnataka",3,3,"2,005.00 sq ft",Apartment
335,"USD $279,590","Thanisandra, Bangalore, Karnataka",3,3,"2,004.00 sq ft",Apartment
336,"USD $90,145","Perungalathur, Chennai, Tamil Nadu",2,2,954.00 sq ft,Apartment
337,"USD $266,068","Thanisandra, Bangalore, Karnataka",3,3,"1,907.00 sq ft",Apartment
338,"USD $202,028","Thanisandra, Bangalore, Karnataka",2,2,"1,448.00 sq ft",Apartment
339,"USD $359,411","Thanisandra, Bangalore, Karnataka",3,3,"2,010.00 sq ft",Apartment
340,"USD $178,513","Thanisandra, Bangalore, Karnataka",2,2,"1,279.00 sq ft",Apartment
341,"USD $233,762","Thanisandra, Bangalore, Karnataka",3,3,"1,675.00 sq ft",Apartment
342,"USD $266,375","Thanisandra, Bangalore, Karnataka",3,3,"1,909.00 sq ft",Apartment
343,"USD $184,891","Thanisandra, Bangalore, Karnataka",2,2,"1,325.00 sq ft",Apartment
344,"USD $282,144","Thanisandra, Bangalore, Karnataka",3,3,"2,022.00 sq ft",Apartment
345,"USD $279,771","Thanisandra, Bangalore, Karnataka",3,3,"2,005.00 sq ft",Apartment
346,"USD $235,073","Thanisandra, Bangalore, Karnataka",3,3,"1,685.00 sq ft",Apartment
347,"USD $184,500","Thanisandra, Bangalore, Karnataka",2,2,"1,322.00 sq ft",Apartment
348,,"Gota, Ahmedabad, Gujarat",,,,Unit
349,"USD $719,387","Hebbal, Bangalore, Karnataka",4,4,"3,975.00 sq ft",Apartment
350,"USD $615,477","Hebbal, Bangalore, Karnataka",4,4,"3,265.00 sq ft",Apartment
351,"USD $326,839","Sector 102, Gurgaon, Haryana",4,4,"2,180.00 sq ft",Apartment
352,"USD $1,732,670","Whitefield Hope Farm Junction, Bangalore, Karnataka",5,5,"11,567.00 sq ft",Apartment
353,"USD $1,196,257","Whitefield Hope Farm Junction, Bangalore, Karnataka",4,4,"7,986.00 sq ft",Apartment
354,,"Whitefield Hope Farm Junction, Bangalore, Karnataka",,,,Unit
355,"USD $149,864","Cossipore, Kolkata, West Bengal",3,3,"1,585.00 sq ft",Apartment
356,,"Electronic City Phase 2, Bangalore, Karnataka",,,,Unit
357,,"New Town, Kolkata, West Bengal",,,,Unit
358,"USD $1,014,981","Malleswaram, Bangalore, Karnataka",4,4,"4,072.00 sq ft",Apartment
359,"USD $804,545","Malleswaram, Bangalore, Karnataka",3,3,"3,728.00 sq ft",Apartment
360,"USD $155,749","Kanakapura, Bangalore, Karnataka",2,2,"1,285.00 sq ft",Apartment
361,"USD $275,555","Kanakapura, Bangalore, Karnataka",3,3,"2,013.00 sq ft",Apartment
362,"USD $221,642","Kanakapura, Bangalore, Karnataka",3,3,"1,775.00 sq ft",Apartment
363,"USD $98,939","Kumbalgodu, Bangalore, Karnataka",2,2,"1,064.00 sq ft",Apartment
364,"USD $141,372","Kanakapura, Bangalore, Karnataka",2,2,"1,200.00 sq ft",Apartment
365,"USD $203,671","Kanakapura, Bangalore, Karnataka",3,3,"1,650.00 sq ft",Apartment
366,,"Kanakapura, Bangalore, Karnataka",,,,Unit
367,,"Kumbalgodu, Bangalore, Karnataka",,,,Unit
368,"USD $247,019","Sarjapur Road Wipro To Railway Crossing, Bangalore, Karnataka",3,3,"1,806.00 sq ft",Apartment
369,,"Sarjapur Road Wipro To Railway Crossing, Bangalore, Karnataka",,,,Unit
370,"USD $119,327","Sector 33 Sohna, Gurgaon, Haryana",3,3,996.00 sq ft,Apartment
371,"USD $267,009","Kappil, Kappil, Kerala",5,5,"1,614.60 sq ft",House
372,"USD $166,176","Perungudi, Chennai, Tamil Nadu",3,3,"1,632.00 sq ft",Apartment
373,"USD $79,060","Talaghattapura, Bangalore, Karnataka",1,1,684.00 sq ft,Apartment
374,"USD $214,038","Kondapur, Hyderabad, Andhra Pradesh",3,3,"1,921.00 sq ft",Apartment
375,"USD $217,938","Kondapur, Hyderabad, Andhra Pradesh",3,3,"1,956.00 sq ft",Apartment
376,"USD $164,959","Nagarbhavi, Bangalore, Karnataka",3,3,"1,490.00 sq ft",Apartment
377,"USD $396,260","Hulimavu, Bangalore, Karnataka",4,4,"3,375.00 sq ft",Apartment
378,"USD $766,763","Hebbal, Bangalore, Karnataka",4,4,"4,400.00 sq ft",Apartment
379,"USD $233,648","Kondapur, Hyderabad, Andhra Pradesh",3,3,"2,097.00 sq ft",Apartment
380,"USD $154,874","Kondapur, Hyderabad, Andhra Pradesh",2,2,"1,390.00 sq ft",Apartment
381,"USD $417,981","Hulimavu, Bangalore, Karnataka",4,5,"3,560.00 sq ft",Apartment
382,"USD $733,195","Hebbal, Bangalore, Karnataka",3,3,"4,200.00 sq ft",Apartment
383,"USD $152,311","Kondapur, Hyderabad, Andhra Pradesh",2,2,"1,367.00 sq ft",Apartment
384,"USD $159,665","Kondapur, Hyderabad, Andhra Pradesh",2,2,"1,433.00 sq ft",Apartment
385,"USD $285,904","Kondapur, Hyderabad, Andhra Pradesh",3,3,"2,566.00 sq ft",Apartment
386,"USD $1,889,481","Hebbal, Bangalore, Karnataka",4,4,"7,700.00 sq ft",Apartment
387,"USD $611,014","Hebbal, Bangalore, Karnataka",3,3,"3,500.00 sq ft",Apartment
388,"USD $640,673","Hebbal, Bangalore, Karnataka",3,3,"3,670.00 sq ft",Apartment
389,"USD $2,429,341","Hebbal, Bangalore, Karnataka",5,6,"9,900.00 sq ft",Apartment
390,,"Mokila, Hyderabad, Andhra Pradesh",,,,Unit
391,"USD $215,375","Kondapur, Hyderabad, Andhra Pradesh",3,3,"1,933.00 sq ft",Apartment
392,,"Vidyaranyapura, Bangalore, Karnataka",,,,Unit
393,"USD $162,339","Kondapur, Hyderabad, Andhra Pradesh",2,2,"1,457.00 sq ft",Apartment
394,,"Electronic City Phase 2, Bangalore, Karnataka",,,,Unit
395,,"Attibele, Bangalore, Karnataka",,,,Unit
396,,"Sudhama Nagar, Bangalore, Karnataka",,,,Unit
397,,"Kumbalgodu, Bangalore, Karnataka",,,,Unit
398,"USD $356,341","Hulimavu, Bangalore, Karnataka",3,5,"3,035.00 sq ft",Apartment
399,,"Nanakramguda, Hyderabad, Andhra Pradesh",,,,Unit
400,"USD $2,044,327","Hebbal, Bangalore, Karnataka",5,6,"8,331.00 sq ft",Apartment
401,,"Vasanth Nagar, Bangalore, Karnataka",,,,Unit
402,"USD $368,669","Hulimavu, Bangalore, Karnataka",3,3,"3,140.00 sq ft",Apartment
403,,"Jalahalli, Bangalore, Karnataka",,,,Unit
404,,"Chikkagubbi on Hennur Main Road, Bangalore, Karnataka",,,,Unit
405,"USD $497,696","Malleswaram, Bangalore, Karnataka",3,4,"2,475.00 sq ft",Apartment
406,"USD $215,152","Kondapur, Hyderabad, Andhra Pradesh",3,3,"1,931.00 sq ft",Apartment
407,,"Begur, Bangalore, Karnataka",,,,Unit
408,,"Bachupally, Hyderabad, Andhra Pradesh",,,,Unit
409,"USD $2,036,713","Hebbal, Bangalore, Karnataka",5,5,"8,300.00 sq ft",Apartment
410,,"Anjanapura, Bangalore, Karnataka",,,,Unit
411,"USD $90,428","Perungalathur, Chennai, Tamil Nadu",2,2,957.00 sq ft,Apartment
412,"USD $890,811","Hebbal, Bangalore, Karnataka",5,4,"5,112.00 sq ft",Apartment
413,"USD $410,937","Hulimavu, Bangalore, Karnataka",4,4,"3,500.00 sq ft",Apartment
414,,"RR Nagar, Bangalore, Karnataka",,,,Unit
415,"USD $381,584","Hulimavu, Bangalore, Karnataka",3,4,"3,250.00 sq ft",Apartment
416,"USD $426,200","Hulimavu, Bangalore, Karnataka",4,5,"3,630.00 sq ft",Apartment
417,"USD $132,611","Nagarbhavi, Bangalore, Karnataka",3,2,"1,186.00 sq ft",Apartment
418,"USD $2,184,444","Hebbal, Bangalore, Karnataka",5,6,"8,902.00 sq ft",Apartment
419,,"Bolarum, Hyderabad, Andhra Pradesh",,,,Unit
420,,"Vasanth Nagar, Bangalore, Karnataka",,,,Unit
421,,"Jalahalli, Bangalore, Karnataka",,,,Unit
422,,"Chikkagubbi on Hennur Main Road, Bangalore, Karnataka",,,,Unit
423,,"Jalahalli, Bangalore, Karnataka",,,,Unit
424,"USD $372,191","Hulimavu, Bangalore, Karnataka",3,5,"3,170.00 sq ft",Apartment
425,,"Hulimavu, Bangalore, Karnataka",,,,Unit
426,"USD $283,899","Kondapur, Hyderabad, Andhra Pradesh",3,3,"2,548.00 sq ft",Apartment
427,,"Marathahalli, Bangalore, Karnataka",,,,Unit
428,,"Kogilu, Bangalore, Karnataka",,,,Unit
429,,"Kumbalgodu, Bangalore, Karnataka",,,,Unit
430,,"Jigani, Bangalore, Karnataka",,,,Unit
431,"USD $286,016","Kondapur, Hyderabad, Andhra Pradesh",3,3,"2,567.00 sq ft",Apartment
432,"USD $3,773,907","Ashok Nagar, Bangalore, Karnataka",4,5,"8,321.00 sq ft",Apartment
433,,"Ashok Nagar, Bangalore, Karnataka",,,,Unit
434,,"Begur, Bangalore, Karnataka",,,,Unit
435,,"Talaghattapura, Bangalore, Karnataka",,,,Unit
436,"USD $438,163","Malleswaram, Bangalore, Karnataka",3,3,"2,215.00 sq ft",Apartment
437,,"Malleswaram, Bangalore, Karnataka",,,,Unit
438,,"Narayanapura on Hennur Main Road, Bangalore, Karnataka",,,,Unit
439,,"Toli Chowki, Hyderabad, Andhra Pradesh",,,,Unit
440,,"Doddaballapur, Bangalore, Karnataka",,,,Unit
441,,"Narayanapura on Hennur Main Road, Bangalore, Karnataka",,,,Unit
442,"USD $2,380,263","Hebbal, Bangalore, Karnataka",5,5,"9,700.00 sq ft",Apartment
443,"USD $801,590","Hebbal, Bangalore, Karnataka",4,4,"4,600.00 sq ft",Apartment
444,,"Hulimavu, Bangalore, Karnataka",,,,Unit
445,"USD $680,300","Hebbal, Bangalore, Karnataka",3,3,"3,897.00 sq ft",Apartment
446,,"Hebbal, Bangalore, Karnataka",,,,Unit
447,,"Frazer Town, Bangalore, Karnataka",,,,Unit
448,,"Nagarbhavi, Bangalore, Karnataka",,,,Unit
449,"USD $187,730","Nagarbhavi, Bangalore, Karnataka",3,3,"1,704.00 sq ft",Apartment
450,,"Jalahalli, Bangalore, Karnataka",,,,Unit
451,,"Jalahalli, Bangalore, Karnataka",,,,Unit
452,,"Whitefield Hope Farm Junction, Bangalore, Karnataka",,,,Unit
453,,"Kumbalgodu, Bangalore, Karnataka",,,,Unit
454,,"Thalambur, Chennai, Tamil Nadu",,,,Unit
455,,"Serilingampally, Hyderabad, Andhra Pradesh",,,,Unit
456,"USD $75,480","Rajarhat, Kolkata, West Bengal",3,3,770.00 sq ft,Apartment
457,"USD $619,999","Sector 61, Gurgaon, Haryana",3,3,"2,250.00 sq ft",Apartment
458,"USD $325,259","Sector 62, Gurgaon, Haryana",2,2,"1,508.00 sq ft",Apartment
459,"USD $633,777","Sector 61, Gurgaon, Haryana",3,3,"2,300.00 sq ft",Apartment
460,,"Sector 61, Gurgaon, Haryana",,,,Unit
461,"USD $79,597","Rajarhat, Kolkata, West Bengal",3,3,812.00 sq ft,Apartment
462,,"Hinjewadi, Pune, Maharashtra",,,,Unit
463,"USD $61,773","Rajarhat, Kolkata, West Bengal",2,2,639.00 sq ft,Apartment
464,,"Kandivali East, Mumbai, Maharashtra",,,,Unit
465,,"Miyapur, Hyderabad, Andhra Pradesh",,,,Unit
466,"USD $589,293","Sector 62, Gurgaon, Haryana",3,3,"2,589.00 sq ft",Apartment
467,,"Sector 62, Gurgaon, Haryana",,,,Unit
468,,"Kokapet, Hyderabad, Andhra Pradesh",,,,Unit
469,"USD $61,097","Rajarhat, Kolkata, West Bengal",2,2,632.00 sq ft,Apartment
470,"USD $125,852","Gota, Ahmedabad, Gujarat",3,3,"1,918.00 sq ft",Apartment
471,"USD $235,350","Gota, Ahmedabad, Gujarat",4,4,"3,591.00 sq ft",Apartment
472,"USD $136,252","Gota, Ahmedabad, Gujarat",3,3,"2,118.00 sq ft",Apartment
473,"USD $141,952","Gota, Ahmedabad, Gujarat",3,3,"2,164.00 sq ft",Apartment
474,,"Singasandra, Bangalore, Karnataka",,,,Unit
475,"USD $118,587","Perungalathur, Chennai, Tamil Nadu",3,3,"1,255.00 sq ft",Apartment
476,,"Rajarhat, Kolkata, West Bengal",,,,Unit
477,,"Hebbal, Bangalore, Karnataka",,,,Unit
478,"USD $117,866","Bachupally, Hyderabad, Andhra Pradesh",3,3,"1,353.00 sq ft",Apartment
479,"USD $153,353","Bachupally, Hyderabad, Andhra Pradesh",4,4,"2,021.00 sq ft",Apartment
480,"USD $95,737","Bachupally, Hyderabad, Andhra Pradesh",2,2,"1,099.00 sq ft",Apartment
481,,"Varthur, Bangalore, Karnataka",,,,Unit
482,,"Varthur, Bangalore, Karnataka",,,,Unit
483,,"Chikkanayakanahalli at Off Sarjapur, Bangalore, Karnataka",,,,Unit
484,,"Varthur, Bangalore, Karnataka",,,,Unit
485,,"Varthur, Bangalore, Karnataka",,,,Unit
486,,"Poonamallee, Chennai, Tamil Nadu",,,,Unit
487,"USD $119,807","Wakad, Pune, Maharashtra",3,3,975.00 sq ft,Apartment
488,"USD $93,449","Wakad, Pune, Maharashtra",2,2,747.00 sq ft,Apartment
489,"USD $264,507","Bhat, Ahmedabad, Gujarat",4,4,"4,554.00 sq ft",Apartment
490,,"Gota, Ahmedabad, Gujarat",,,,Unit
491,"USD $299,517","Sector 60, Gurgaon, Haryana",3,3,"2,080.00 sq ft",Apartment
492,"USD $293,526","Sector 60, Gurgaon, Haryana",3,3,"1,800.00 sq ft",Apartment
493,"USD $141,372","Sector 33 Sohna, Gurgaon, Haryana",3,3,"1,180.00 sq ft",Apartment
494,"USD $88,777","Sector 33 Sohna, Gurgaon, Haryana",2,2,780.00 sq ft,Apartment
495,"USD $226,039","Sector 33 Sohna, Gurgaon, Haryana",3,3,"1,986.00 sq ft",Apartment
496,"USD $460,058","Sector 60, Gurgaon, Haryana",4,4,"2,740.00 sq ft",Apartment
497,"USD $93,449","Sector 33 Sohna, Gurgaon, Haryana",2,2,780.00 sq ft,Apartment
498,"USD $143,636","Sector 33 Sohna, Gurgaon, Haryana",3,3,"1,262.00 sq ft",Apartment
499,"USD $629,972","Sector 36A, Gurgaon, Haryana",3,3,"2,528.00 sq ft",Apartment
500,,"Tollygunge, Kolkata, West Bengal",,,,Unit
501,,"Sector 43, Noida, Uttar Pradesh",,,,Unit
502,"USD $134,303","Sector 33 Sohna, Gurgaon, Haryana",3,3,"1,180.00 sq ft",Apartment
503,,"Sector 33 Sohna, Gurgaon, Haryana",,,,Unit
504,"USD $151,196","Sector 33 Sohna, Gurgaon, Haryana",3,3,"1,262.00 sq ft",Apartment
505,"USD $277,090","Sector 106, Gurgaon, Haryana",3,3,"1,855.00 sq ft",Apartment
506,"USD $406,300","Sector 106, Gurgaon, Haryana",4,4,"2,720.00 sq ft",Apartment
507,"USD $299,347","Sector 106, Gurgaon, Haryana",3,3,"2,004.00 sq ft",Apartment
508,,"Sector 106, Gurgaon, Haryana",,,,Unit
509,,"Sector 102, Gurgaon, Haryana",,,,Unit
510,"USD $172,002","Bettadasanapura, Bangalore, Karnataka",3,3,"1,555.00 sq ft",Apartment
511,"USD $141,157","Bettadasanapura, Bangalore, Karnataka",2,2,"1,340.00 sq ft",Apartment
512,"USD $48,040","Poonamallee, Chennai, Tamil Nadu",1,1,516.00 sq ft,Apartment
513,"USD $129,879","Bettadasanapura, Bangalore, Karnataka",2,2,"1,230.00 sq ft",Apartment
514,"USD $257,863","RR Nagar, Bangalore, Karnataka",3,3,"1,994.00 sq ft",Apartment
515,"USD $717,762","Sector 33 Sohna, Gurgaon, Haryana",5,5,"5,991.00 sq ft",House
516,"USD $81,735","Poonamallee, Chennai, Tamil Nadu",2,2,882.00 sq ft,Apartment
517,"USD $32,409","Poonamallee, Chennai, Tamil Nadu",1,1,352.00 sq ft,Apartment
518,"USD $451,066","RR Nagar, Bangalore, Karnataka",4,4,"3,488.00 sq ft",Apartment
519,"USD $546,318","Sector 33 Sohna, Gurgaon, Haryana",4,4,"4,560.00 sq ft",House
520,,"Sector 33 Sohna, Gurgaon, Haryana",,,,Unit
521,"USD $36,092","Poonamallee, Chennai, Tamil Nadu",1,1,392.00 sq ft,Apartment
522,"USD $138,276","Bettadasanapura, Bangalore, Karnataka",2,2,"1,320.00 sq ft",Apartment
523,"USD $189,853","Bettadasanapura, Bangalore, Karnataka",3,3,"1,720.00 sq ft",Apartment
524,"USD $239,629","RR Nagar, Bangalore, Karnataka",3,3,"1,853.00 sq ft",Apartment
525,"USD $404,640","RR Nagar, Bangalore, Karnataka",4,4,"3,129.00 sq ft",Apartment
526,"USD $45,644","Poonamallee, Chennai, Tamil Nadu",1,1,489.00 sq ft,Apartment
527,"USD $282,692","RR Nagar, Bangalore, Karnataka",3,3,"2,186.00 sq ft",Apartment
528,"USD $135,401","Gota, Ahmedabad, Gujarat",3,3,"2,050.00 sq ft",Apartment
529,,"Bhat, Ahmedabad, Gujarat",,,,Unit
530,,"Kukatpally, Hyderabad, Andhra Pradesh",,,,Unit
531,,"Dakshin Gobindopur, Kolkata, West Bengal",,,,Unit
532,"USD $248,814","Bettadasanapura, Bangalore, Karnataka",4,4,"2,265.00 sq ft",Apartment
533,,"Gota, Ahmedabad, Gujarat",,,,Unit
534,,"Narendrapur, Kolkata, West Bengal",,,,Unit
535,,"Narendrapur, Kolkata, West Bengal",,,,Unit
536,,"Gota, Ahmedabad, Gujarat",,,,Unit
537,,"Medavakkam, Chennai, Tamil Nadu",,,,Unit
538,,"Whitefield Hope Farm Junction, Bangalore, Karnataka",,,,Unit
539,"USD $255,794","RR Nagar, Bangalore, Karnataka",3,3,"1,978.00 sq ft",Apartment
540,"USD $64,313","Poonamallee, Chennai, Tamil Nadu",2,2,694.00 sq ft,Apartment
541,,"Poonamallee, Chennai, Tamil Nadu",,,,Unit
542,,"Chowhati, Kolkata, West Bengal",,,,Unit
543,,"Bettadasanapura, Bangalore, Karnataka",,,,Unit
544,,"RR Nagar, Bangalore, Karnataka",,,,Unit
545,"USD $188,096","Padmanabha Nagar, Bangalore, Karnataka",3,2,"1,480.00 sq ft",Apartment
546,"USD $306,705","Padmanabha Nagar, Bangalore, Karnataka",3,3,"1,590.00 sq ft",Apartment
547,"USD $189,367","Padmanabha Nagar, Bangalore, Karnataka",3,2,"1,490.00 sq ft",Apartment
548,"USD $204,869","Padmanabha Nagar, Bangalore, Karnataka",3,3,"1,580.00 sq ft",Apartment
549,,"Padmanabha Nagar, Bangalore, Karnataka",,,,Unit
550,"USD $186,659","Sector 33 Sohna, Gurgaon, Haryana",3,3,"1,640.00 sq ft",Apartment
551,"USD $149,099","Sector 33 Sohna, Gurgaon, Haryana",2,2,"1,310.00 sq ft",Apartment
552,,"Panvel, Mumbai, Maharashtra",,,,Unit
553,"USD $77,714","Madhyamgram, Kolkata, West Bengal",3,3,"1,212.00 sq ft",Apartment
554,"USD $72,392","Madhyamgram, Kolkata, West Bengal",3,3,"1,129.00 sq ft",Apartment
555,,"Padur, Chennai, Tamil Nadu",,,,Unit
556,"USD $129,669","Arpora, Arpora, Goa",2,2,968.76 sq ft,Apartment
557,"USD $145,685","Hinjewadi, Pune, Maharashtra",3,3,"1,331.00 sq ft",Apartment
558,"USD $111,207","Hinjewadi, Pune, Maharashtra",2,2,"1,016.00 sq ft",Apartment
559,"USD $189,358","Hinjewadi, Pune, Maharashtra",3,3,"1,730.00 sq ft",Apartment
560,"USD $261,160","Hinjewadi, Pune, Maharashtra",5,5,"2,386.00 sq ft",Apartment
561,"USD $209,169","Hinjewadi, Pune, Maharashtra",4,4,"1,911.00 sq ft",Apartment
562,,"Hinjewadi, Pune, Maharashtra",,,,Unit
563,,"Wakad, Pune, Maharashtra",,,,Unit
564,,"Kharghar, Mumbai, Maharashtra",,,,Unit
565,,"Kharghar, Mumbai, Maharashtra",,,,Unit
566,,"Sarjapur, Bangalore, Karnataka",,,,Unit
567,"USD $315,865","Gottigere, Bangalore, Karnataka",3,3,"2,209.00 sq ft",Apartment
568,"USD $410,564","Yeshwantpur, Bangalore, Karnataka",3,3,"2,310.00 sq ft",Apartment
569,"USD $318,672","Jakkur, Bangalore, Karnataka",4,4,"2,799.00 sq ft",Apartment
570,"USD $281,172","Jakkur, Bangalore, Karnataka",3,3,"2,489.00 sq ft",Apartment
571,"USD $542,975","Yeshwantpur, Bangalore, Karnataka",4,5,"3,055.00 sq ft",Apartment
572,"USD $283,484","Yeshwantpur, Bangalore, Karnataka",3,3,"1,595.00 sq ft",Apartment
573,,"Kollur, Hyderabad, Andhra Pradesh",,,,Unit
574,"USD $227,626","Jakkur, Bangalore, Karnataka",3,3,"2,015.00 sq ft",Apartment
575,,"Jakkur, Bangalore, Karnataka",,,,Unit
576,,"Gottigere, Bangalore, Karnataka",,,,Unit
577,"USD $415,007","Yeshwantpur, Bangalore, Karnataka",3,3,"2,335.00 sq ft",Apartment
578,,"Yeshwantpur, Bangalore, Karnataka",,,,Unit
579,"USD $429,226","Yeshwantpur, Bangalore, Karnataka",3,4,"2,415.00 sq ft",Apartment
580,,"Yeshwantpur, Bangalore, Karnataka",,,,Unit
581,,"Wadala, Mumbai, Maharashtra",,,,Unit
582,,"Kollur, Hyderabad, Andhra Pradesh",,,,Unit
583,,"Bavdhan, Pune, Maharashtra",,,,Unit
584,,"Shilaj, Ahmedabad, Gujarat",,,,Unit
585,"USD $503,188","Tollygunge, Kolkata, West Bengal",4,4,"1,928.00 sq ft",Apartment
586,"USD $611,014","Tollygunge, Kolkata, West Bengal",5,5,"2,839.00 sq ft",Apartment
587,"USD $423,217","Basavanagudi, Bangalore, Karnataka",3,3,"2,355.00 sq ft",Apartment
588,"USD $1,010,417","Lalbagh Road, Bangalore, Karnataka",4,4,"3,360.00 sq ft",Apartment
589,"USD $583,159","Basavanagudi, Bangalore, Karnataka",4,4,"3,245.00 sq ft",Apartment
590,"USD $748,792","Lalbagh Road, Bangalore, Karnataka",4,3,"2,490.00 sq ft",Apartment
591,"USD $648,050","Lalbagh Road, Bangalore, Karnataka",4,3,"2,155.00 sq ft",Apartment
592,"USD $930,727","Lalbagh Road, Bangalore, Karnataka",4,4,"3,095.00 sq ft",Apartment
593,"USD $658,937","Lalbagh Road, Bangalore, Karnataka",3,3,"1,992.00 sq ft",Apartment
594,"USD $966,212","Lalbagh Road, Bangalore, Karnataka",4,4,"3,213.00 sq ft",Apartment
595,"USD $824,573","Lalbagh Road, Bangalore, Karnataka",4,4,"2,742.00 sq ft",Apartment
596,,"Pocharam, Hyderabad, Andhra Pradesh",,,,Unit
597,,"Electronic City Phase 2, Bangalore, Karnataka",,,,Unit
598,,"Krishnarajapura, Bangalore, Karnataka",,,,Unit
599,"USD $483,959","Basavanagudi, Bangalore, Karnataka",3,3,"2,693.00 sq ft",Apartment
600,,"Basavanagudi, Bangalore, Karnataka",,,,Unit
601,"USD $680,528","Lalbagh Road, Bangalore, Karnataka",3,3,"2,263.00 sq ft",Apartment
602,,"Lalbagh Road, Bangalore, Karnataka",,,,Unit
603,,"Sarjapur, Bangalore, Karnataka",,,,Unit
604,,"Sahakar Nagar, Bangalore, Karnataka",,,,Unit
605,,"Tollygunge, Kolkata, West Bengal",,,,Unit
606,,"Wakad, Pune, Maharashtra",,,,Unit
607,"USD $104,217","Porur, Chennai, Tamil Nadu",3,2,"1,208.00 sq ft",Apartment
608,,"Sector 61, Gurgaon, Haryana",,,,Unit
609,"USD $149,492","Varthur, Bangalore, Karnataka",2,2,"1,310.00 sq ft",Apartment
610,,"Varthur, Bangalore, Karnataka",,,,Unit
611,,"Appa Junction Peerancheru, Hyderabad, Andhra Pradesh",,,,Unit
612,,"Gandipet, Hyderabad, Andhra Pradesh",,,,Unit
613,,"Electronic City Phase 2, Bangalore, Karnataka",,,,Unit
614,,"Kokapet, Hyderabad, Andhra Pradesh",,,,Unit
615,,"Doddanekundi, Bangalore, Karnataka",,,,Unit
616,,"Varthur, Bangalore, Karnataka",,,,Unit
617,,"Puppalaguda, Hyderabad, Andhra Pradesh",,,,Unit
618,,"Sector 150, Noida, Uttar Pradesh",,,,Unit
619,,"Kokapet, Hyderabad, Andhra Pradesh",,,,Unit
620,,"Vasna, Ahmedabad, Gujarat",,,,Unit
621,,"Jakkur, Bangalore, Karnataka",,,,Unit
622,"USD $97,976","Madhyamgram, Kolkata, West Bengal",4,4,"1,528.00 sq ft",Apartment
623,,"Mugalivakkam, Chennai, Tamil Nadu",,,,Unit
624,,"Chinchwad, Pune, Maharashtra",,,,Unit
625,,"Kharadi, Pune, Maharashtra",,,,Unit
626,,"Sector 112, Gurgaon, Haryana",,,,Unit
627,"USD $355,586","Sector 106, Gurgaon, Haryana",3,3,"1,855.00 sq ft",Apartment
628,"USD $383,765","Sector 106, Gurgaon, Haryana",3,3,"2,002.00 sq ft",Apartment
629,,"Sector 106, Gurgaon, Haryana",,,,Unit
630,,"Krishnarajapura, Bangalore, Karnataka",,,,Unit
631,,"Chikkanayakanahalli at Off Sarjapur, Bangalore, Karnataka",,,,Unit
632,,"Sector 113, Gurgaon, Haryana",,,,Unit
633,,"Mangadu, Chennai, Tamil Nadu",,,,Unit
634,,"Sector 4 Noida Extension, Greater Noida, Uttar Pradesh",,,,Unit
635,,"Whitefield Hope Farm Junction, Bangalore, Karnataka",,,,Unit
636,,"Varthur, Bangalore, Karnataka",,,,Unit
637,,"Mangadu, Chennai, Tamil Nadu",,,,Unit
638,,"Mogappair, Chennai, Tamil Nadu",,,,Unit
639,,"Narsingi, Hyderabad, Andhra Pradesh",,,,Unit
640,,"Kokapet, Hyderabad, Andhra Pradesh",,,,Unit
641,,"Kannamangala, Bangalore, Karnataka",,,,Unit
642,,"Mogappair, Chennai, Tamil Nadu",,,,Unit
643,"USD $120,865","Perungudi, Chennai, Tamil Nadu",2,2,"1,187.00 sq ft",Apartment
644,"USD $175,442","Perungudi, Chennai, Tamil Nadu",3,3,"1,723.00 sq ft",Apartment
645,"USD $124,429","Perungudi, Chennai, Tamil Nadu",2,2,"1,222.00 sq ft",Apartment
646,"USD $156,939","Near Vaishno Devi Circle On SG Highway, Ahmedabad, Gujarat",3,3,"2,335.00 sq ft",Apartment
647,,"Navallur, Chennai, Tamil Nadu",,,,Unit
648,,"Sector 43, Noida, Uttar Pradesh",,,,Unit
649,"USD $56,410","Talaghattapura, Bangalore, Karnataka",1,1,554.00 sq ft,Apartment
650,"USD $97,649","Talaghattapura, Bangalore, Karnataka",2,2,959.00 sq ft,Apartment
651,"USD $146,404","Miyapur, Hyderabad, Andhra Pradesh",3,3,"1,940.00 sq ft",Apartment
652,"USD $129,425","Miyapur, Hyderabad, Andhra Pradesh",3,3,"1,715.00 sq ft",Apartment
653,,"Varthur, Bangalore, Karnataka",,,,Unit
654,"USD $100,370","Miyapur, Hyderabad, Andhra Pradesh",2,2,"1,330.00 sq ft",Apartment
655,"USD $112,822","Miyapur, Hyderabad, Andhra Pradesh",2,2,"1,495.00 sq ft",Apartment
656,"USD $91,314","Miyapur, Hyderabad, Andhra Pradesh",2,2,"1,210.00 sq ft",Apartment
657,"USD $122,633","Miyapur, Hyderabad, Andhra Pradesh",3,3,"1,625.00 sq ft",Apartment
658,,"Padur, Chennai, Tamil Nadu",,,,Unit
659,,"Miyapur, Hyderabad, Andhra Pradesh",,,,Unit
660,,"Marathahalli, Bangalore, Karnataka",,,,Unit
661,,"Sarjapur, Bangalore, Karnataka",,,,Unit
662,,"Ameenpur, Hyderabad, Andhra Pradesh",,,,Unit
663,,"Hitech City, Hyderabad, Andhra Pradesh",,,,Unit
664,,"Navallur, Chennai, Tamil Nadu",,,,Unit
665,,"Sector 112, Gurgaon, Haryana",,,,Unit
666,,"Navallur, Chennai, Tamil Nadu",,,,Unit
667,,"Whitefield Hope Farm Junction, Bangalore, Karnataka",,,,Unit
668,,"Sector 109, Gurgaon, Haryana",,,,Unit
669,,"Gunjur, Bangalore, Karnataka",,,,Unit
670,,"Kokapet, Hyderabad, Andhra Pradesh",,,,Unit
671,"USD $130,592","Porur, Chennai, Tamil Nadu",3,3,"1,565.00 sq ft",Apartment
672,,"Panathur, Bangalore, Karnataka",,,,Unit
673,,"Near Vaishno Devi Circle On SG Highway, Ahmedabad, Gujarat",,,,Unit
674,"USD $269,373","New Town, Kolkata, West Bengal",4,4,"2,044.00 sq ft",Apartment
675,,"Ravet, Pune, Maharashtra",,,,Unit
676,,"Thane West, Mumbai, Maharashtra",,,,Unit
677,"USD $160,385","New Town, Kolkata, West Bengal",2,2,"1,217.00 sq ft",Apartment
678,"USD $250,396","New Town, Kolkata, West Bengal",3,3,"1,900.00 sq ft",Apartment
679,,"PI, Greater Noida, Uttar Pradesh",,,,Unit
680,,"Kandivali East, Mumbai, Maharashtra",,,,Unit
681,"USD $156,036","New Town, Kolkata, West Bengal",3,3,"1,184.00 sq ft",Apartment
682,,"Porur, Chennai, Tamil Nadu",,,,Unit
683,"USD $120,585","New Town, Kolkata, West Bengal",2,2,915.00 sq ft,Apartment
684,,"Panvel, Mumbai, Maharashtra",,,,Unit
685,"USD $340,011","New Town, Kolkata, West Bengal",4,4,"2,580.00 sq ft",Apartment
686,,"New Town, Kolkata, West Bengal",,,,Unit
687,,"Patancheru, Hyderabad, Andhra Pradesh",,,,Unit
688,,"Bopal, Ahmedabad, Gujarat",,,,Unit
689,,"CHI 5, Greater Noida, Uttar Pradesh",,,,Unit
690,"USD $89,088","Oragadam, Chennai, Tamil Nadu",3,3,"1,859.00 sq ft",Apartment
691,"USD $90,813","Oragadam, Chennai, Tamil Nadu",3,3,"1,895.00 sq ft",Apartment
692,"USD $68,865","Oragadam, Chennai, Tamil Nadu",2,2,"1,437.00 sq ft",Apartment
693,"USD $243,255","Sector 102, Gurgaon, Haryana",3,3,"1,692.00 sq ft",Apartment
694,"USD $95,414","Oragadam, Chennai, Tamil Nadu",3,3,"1,991.00 sq ft",Apartment
695,"USD $266,258","Sector 102, Gurgaon, Haryana",3,3,"1,852.00 sq ft",Apartment
696,,"Shilaj, Ahmedabad, Gujarat",,,,Unit
697,"USD $108,114","Oragadam, Chennai, Tamil Nadu",3,3,"2,256.00 sq ft",Apartment
698,"USD $95,462","Oragadam, Chennai, Tamil Nadu",3,3,"1,992.00 sq ft",Apartment
699,,"Sector 102, Gurgaon, Haryana",,,,Unit
700,,"Moti Nagar, Hyderabad, Andhra Pradesh",,,,Unit
701,"USD $90,766","Oragadam, Chennai, Tamil Nadu",3,3,"1,894.00 sq ft",Apartment
702,,"Tangra, Kolkata, West Bengal",,,,Unit
703,"USD $81,756","Oragadam, Chennai, Tamil Nadu",2,2,"1,706.00 sq ft",Apartment
704,"USD $92,347","Oragadam, Chennai, Tamil Nadu",3,3,"1,927.00 sq ft",Apartment
705,,"Sector 102, Gurgaon, Haryana",,,,Unit
706,,"Sector 108, Gurgaon, Haryana",,,,Unit
707,"USD $84,488","Oragadam, Chennai, Tamil Nadu",2,2,"1,763.00 sq ft",Apartment
708,"USD $134,375","Oragadam, Chennai, Tamil Nadu",4,4,"2,804.00 sq ft",Apartment
709,,"Serampore, Kolkata, West Bengal",,,,Unit
710,,"Chikkanayakanahalli at Off Sarjapur, Bangalore, Karnataka",,,,Unit
711,,"Perungudi, Chennai, Tamil Nadu",,,,Unit
712,,"Chikkanayakanahalli at Off Sarjapur, Bangalore, Karnataka",,,,Unit
713,,"Sector 150, Noida, Uttar Pradesh",,,,Unit
714,,"Budigere Cross, Bangalore, Karnataka",,,,Unit
715,"USD $79,069","Bagaluru Near Yelahanka, Bangalore, Karnataka",2,2,799.00 sq ft,Apartment
716,,"Electronic City Phase 2, Bangalore, Karnataka",,,,Unit
717,,"Sarjapur, Bangalore, Karnataka",,,,Unit
718,,"Volagerekallahalli, Bangalore, Karnataka",,,,Unit
719,,"Whitefield Hope Farm Junction, Bangalore, Karnataka",,,,Unit
720,"USD $59,900","Bagaluru Near Yelahanka, Bangalore, Karnataka",2,2,795.00 sq ft,Apartment
721,,"Bagaluru Near Yelahanka, Bangalore, Karnataka",,,,Unit
722,,"T Nagar, Chennai, Tamil Nadu",,,,Unit
723,,"Whitefield Hope Farm Junction, Bangalore, Karnataka",,,,Unit
724,,"Whitefield Hope Farm Junction, Bangalore, Karnataka",,,,Unit
725,,"Whitefield Hope Farm Junction, Bangalore, Karnataka",,,,Unit
726,,"Egmore, Chennai, Tamil Nadu",,,,Unit
727,,"Perumbakkam, Chennai, Tamil Nadu",,,,Unit
728,,"Volagerekallahalli, Bangalore, Karnataka",,,,Unit
729,"USD $84,318","Madhyamgram, Kolkata, West Bengal",3,3,"1,315.00 sq ft",Apartment
730,"USD $77,393","Madhyamgram, Kolkata, West Bengal",3,2,"1,207.00 sq ft",Apartment
731,"USD $70,148","Madhyamgram, Kolkata, West Bengal",3,2,"1,094.00 sq ft",Apartment
732,,"Bopal, Ahmedabad, Gujarat",,,,Unit
733,,"CHI 5, Greater Noida, Uttar Pradesh",,,,Unit
734,,"Sector 144, Noida, Uttar Pradesh",,,,Unit
735,,"Sholinganallur, Chennai, Tamil Nadu",,,,Unit
736,,"Sector 150, Noida, Uttar Pradesh",,,,Unit
737,,"Perungudi, Chennai, Tamil Nadu",,,,Unit
738,"USD $68,886","Rajarhat, Kolkata, West Bengal",2,2,954.00 sq ft,Apartment
739,,"Uttar Gauripur, Kolkata, West Bengal",,,,Unit
740,,"Rajarhat, Kolkata, West Bengal",,,,Unit
741,,"Thane West, Mumbai, Maharashtra",,,,Unit
742,,"Maheshwaram, Hyderabad, Andhra Pradesh",,,,Unit
743,"USD $232,451","Nanakramguda, Hyderabad, Andhra Pradesh",3,3,"1,980.00 sq ft",Apartment
744,,"Rajarhat, Kolkata, West Bengal",,,,Unit
745,"USD $186,218","Thanisandra, Bangalore, Karnataka",3,3,"1,574.00 sq ft",Apartment
746,"USD $260,619","Nanakramguda, Hyderabad, Andhra Pradesh",3,3,"2,220.00 sq ft",Apartment
747,"USD $161,019","Thanisandra, Bangalore, Karnataka",2,2,"1,361.00 sq ft",Apartment
748,,"Thane West, Mumbai, Maharashtra",,,,Unit
749,"USD $484,939","Sector 36A, Gurgaon, Haryana",3,3,"1,946.00 sq ft",Apartment
750,,"Shela, Ahmedabad, Gujarat",,,,Unit
751,"USD $57,516","Madhyamgram, Kolkata, West Bengal",2,2,897.00 sq ft,Apartment
752,"USD $85,729","Madhyamgram, Kolkata, West Bengal",3,3,"1,337.00 sq ft",Apartment
753,"USD $259,457","Nanakramguda, Hyderabad, Andhra Pradesh",3,3,"2,210.00 sq ft",Apartment
754,,"Madhyamgram, Kolkata, West Bengal",,,,Unit
755,,"Nanakramguda, Hyderabad, Andhra Pradesh",,,,Unit
756,,"Rajarhat, Kolkata, West Bengal",,,,Unit
757,,"New Alipore, Kolkata, West Bengal",,,,Unit
758,,"Near Vaishno Devi Circle On SG Highway, Ahmedabad, Gujarat",,,,Unit
759,,"Near Nirma University On SG Highway, Ahmedabad, Gujarat",,,,Unit
760,,"Gulbai Tekra, Ahmedabad, Gujarat",,,,Unit
761,,"Sector 2 Sohna, Gurgaon, Haryana",,,,Unit
762,,"Mulund West, Mumbai, Maharashtra",,,,Unit
763,,"Porur, Chennai, Tamil Nadu",,,,Unit
764,"USD $724,883","Hebbal, Bangalore, Karnataka",4,4,"3,880.00 sq ft",Apartment
765,"USD $628,210","Hebbal, Bangalore, Karnataka",4,4,"3,335.00 sq ft",Apartment
766,,"Tathawade, Pune, Maharashtra",,,,Unit
767,"USD $97,942","Sector 92, Gurgaon, Haryana",2,2,955.00 sq ft,Apartment
768,,"Kondapur, Hyderabad, Andhra Pradesh",,,,Unit
769,"USD $126,472","Thanisandra, Bangalore, Karnataka",2,2,"1,069.00 sq ft",Apartment
770,"USD $78,716","Devanahalli, Bangalore, Karnataka",2,2,997.00 sq ft,Apartment
771,"USD $100,507","Devanahalli, Bangalore, Karnataka",3,2,"1,273.00 sq ft",Apartment
772,"USD $101,217","Devanahalli, Bangalore, Karnataka",3,2,"1,282.00 sq ft",Apartment
773,"USD $79,663","Devanahalli, Bangalore, Karnataka",2,2,"1,009.00 sq ft",Apartment
774,"USD $137,120","Thanisandra, Bangalore, Karnataka",2,2,"1,159.00 sq ft",Apartment
775,,"Sector 150, Noida, Uttar Pradesh",,,,Unit
776,"USD $115,744","Devanahalli, Bangalore, Karnataka",3,3,"1,466.00 sq ft",Apartment
777,"USD $127,892","Thanisandra, Bangalore, Karnataka",2,2,"1,081.00 sq ft",Apartment
778,,"Thanisandra, Bangalore, Karnataka",,,,Unit
779,,"Nanakramguda, Hyderabad, Andhra Pradesh",,,,Unit
780,"USD $118,271","Devanahalli, Bangalore, Karnataka",3,3,"1,498.00 sq ft",Apartment
781,,"Gunjur, Bangalore, Karnataka",,,,Unit
782,,"Sector 43, Noida, Uttar Pradesh",,,,Unit
783,,"Howrah, Kolkata, West Bengal",,,,Unit
784,,"Hadapsar, Pune, Maharashtra",,,,Unit
785,"USD $51,951","Devanahalli, Bangalore, Karnataka",1,1,658.00 sq ft,Apartment
786,"USD $118,609","Sector 92, Gurgaon, Haryana",3,3,"1,095.00 sq ft",Apartment
787,,"Sector 92, Gurgaon, Haryana",,,,Unit
788,,"Rajarhat, Kolkata, West Bengal",,,,Unit
789,"USD $203,800","Mogappair, Chennai, Tamil Nadu",3,3,"1,657.00 sq ft",Apartment
790,"USD $130,619","Mogappair, Chennai, Tamil Nadu",2,2,"1,062.00 sq ft",Apartment
791,"USD $230,982","Mogappair, Chennai, Tamil Nadu",3,3,"1,878.00 sq ft",Apartment
792,"USD $158,416","Mogappair, Chennai, Tamil Nadu",2,2,"1,288.00 sq ft",Apartment
793,,"Mogappair, Chennai, Tamil Nadu",,,,Unit
794,,"Chromepet, Chennai, Tamil Nadu",,,,Unit
795,,"Chromepet, Chennai, Tamil Nadu",,,,Unit
796,"USD $77,672","Perungalathur, Chennai, Tamil Nadu",2,2,822.00 sq ft,Apartment
797,,"Kolapakkam, Chennai, Tamil Nadu",,,,Unit
798,,"Perungalathur, Chennai, Tamil Nadu",,,,Unit
799,,"East Tambaram, Chennai, Tamil Nadu",,,,Unit
800,"USD $202,473","Navallur, Chennai, Tamil Nadu",3,3,"2,178.00 sq ft",Apartment
801,"USD $162,937","Navallur, Chennai, Tamil Nadu",3,3,"1,765.00 sq ft",Apartment
802,"USD $116,165","Navallur, Chennai, Tamil Nadu",2,2,"1,298.00 sq ft",Apartment
803,,"Navallur, Chennai, Tamil Nadu",,,,Unit
804,,"Kharadi, Pune, Maharashtra",,,,Unit
805,"USD $141,372","Bachupally, Hyderabad, Andhra Pradesh",3,3,"1,617.00 sq ft",Apartment
806,"USD $411,754","Koramangala, Bangalore, Karnataka",4,4,"2,636.00 sq ft",Apartment
807,"USD $300,663","Koramangala, Bangalore, Karnataka",3,3,"1,908.00 sq ft",Apartment
808,,"Koramangala, Bangalore, Karnataka",,,,Unit
809,,"Horamavu, Bangalore, Karnataka",,,,Unit
810,"USD $161,739","Bachupally, Hyderabad, Andhra Pradesh",4,4,"1,914.00 sq ft",Apartment
811,,"Bachupally, Hyderabad, Andhra Pradesh",,,,Unit
812,,"Patancheru, Hyderabad, Andhra Pradesh",,,,Unit
813,,"Koramangala, Bangalore, Karnataka",,,,Unit
814,,"Sector 59, Gurgaon, Haryana",,,,Unit
815,,"Sector 92, Gurgaon, Haryana",,,,Unit
816,,"Chikkanayakanahalli at Off Sarjapur, Bangalore, Karnataka",,,,Unit
817,,"Sanath Nagar, Hyderabad, Andhra Pradesh",,,,Unit
818,,"Bachupally, Hyderabad, Andhra Pradesh",,,,Unit
819,,"Sector 37D, Gurgaon, Haryana",,,,Unit
820,,"Kamarhati on BT Road, Kolkata, West Bengal",,,,Unit
821,"USD $134,263","Cossipore, Kolkata, West Bengal",3,3,"1,420.00 sq ft",Apartment
822,"USD $147,500","Cossipore, Kolkata, West Bengal",3,3,"1,560.00 sq ft",Apartment
823,"USD $121,971","Cossipore, Kolkata, West Bengal",3,2,"1,290.00 sq ft",Apartment
824,"USD $177,757","Cossipore, Kolkata, West Bengal",4,4,"1,880.00 sq ft",Apartment
825,"USD $174,920","Cossipore, Kolkata, West Bengal",4,4,"1,850.00 sq ft",Apartment
826,,"Cossipore, Kolkata, West Bengal",,,,Unit
827,"USD $123,390","Cossipore, Kolkata, West Bengal",3,2,"1,305.00 sq ft",Apartment
828,,"Varthur, Bangalore, Karnataka",,,,Unit
829,,"Sector 89, Gurgaon, Haryana",,,,Unit
830,,"Sector 89, Gurgaon, Haryana",,,,Unit
831,,"Manjari, Pune, Maharashtra",,,,Unit
832,,"Bavdhan, Pune, Maharashtra",,,,Unit
833,,"Mukundapur, Kolkata, West Bengal",,,,Unit
834,,"Yelahanka, Bangalore, Karnataka",,,,Unit
835,,"Carmelaram, Bangalore, Karnataka",,,,Unit
836,,"Harlur, Bangalore, Karnataka",,,,Unit
837,,"Yeshwantpur, Bangalore, Karnataka",,,,Unit
838,,"Madhyamgram, Kolkata, West Bengal",,,,Unit
839,,"Talaghattapura, Bangalore, Karnataka",,,,Unit
840,,"Serampore, Kolkata, West Bengal",,,,Unit
841,,"Konnagar, Kolkata, West Bengal",,,,Unit
842,,"Shela, Ahmedabad, Gujarat",,,,Unit
843,,"Sarjapur Road Wipro To Railway Crossing, Bangalore, Karnataka",,,,Unit
844,,"Baranagar, Kolkata, West Bengal",,,,Unit
845,,"Baranagar, Kolkata, West Bengal",,,,Unit
846,,"Sector 92, Gurgaon, Haryana",,,,Unit
847,,"Attibele, Bangalore, Karnataka",,,,Unit
848,"USD $203,667","Mogappair, Chennai, Tamil Nadu",3,3,"1,878.00 sq ft",Apartment
849,"USD $179,700","Mogappair, Chennai, Tamil Nadu",3,3,"1,657.00 sq ft",Apartment
850,"USD $120,748","Osman Nagar, Hyderabad, Andhra Pradesh",2,2,"1,400.00 sq ft",Apartment
851,,"Thane West, Mumbai, Maharashtra",,,,Unit
852,"USD $142,742","Osman Nagar, Hyderabad, Andhra Pradesh",3,3,"1,655.00 sq ft",Apartment
853,"USD $87,111","Osman Nagar, Hyderabad, Andhra Pradesh",2,2,"1,010.00 sq ft",Apartment
854,,"Sector 65, Gurgaon, Haryana",,,,Unit
855,,"Sarjapur, Bangalore, Karnataka",,,,Unit
856,"USD $148,779","Osman Nagar, Hyderabad, Andhra Pradesh",3,3,"1,725.00 sq ft",Apartment
857,,"Osman Nagar, Hyderabad, Andhra Pradesh",,,,Unit
858,,"Sector 33 Sohna, Gurgaon, Haryana",,,,Unit
859,,"JP Nagar Phase 5, Bangalore, Karnataka",,,,Unit
860,,"Narayanapura on Hennur Main Road, Bangalore, Karnataka",,,,Unit
861,,"Sector 74, Gurgaon, Haryana",,,,Unit
862,,"Kannamangala, Bangalore, Karnataka",,,,Unit
863,,"Sanathal, Ahmedabad, Gujarat",,,,Unit
864,,"Narayanapura on Hennur Main Road, Bangalore, Karnataka",,,,Unit
865,,"Gulbai Tekra, Ahmedabad, Gujarat",,,,Unit
866,,"Kannur on Thanisandra Main Road, Bangalore, Karnataka",,,,Unit
867,,"Begur, Bangalore, Karnataka",,,,Unit
868,,"Sector 65, Gurgaon, Haryana",,,,Unit
869,,"Mukundapur, Kolkata, West Bengal",,,,Unit
870,,"Sector 106, Gurgaon, Haryana",,,,Unit
871,,"Narsingi, Hyderabad, Andhra Pradesh",,,,Unit
872,,"Narayanapura on Hennur Main Road, Bangalore, Karnataka",,,,Unit
873,"USD $275,555","Kondapur, Hyderabad, Andhra Pradesh",3,3,"1,840.00 sq ft",Apartment
874,"USD $188,060","Vanagaram, Chennai, Tamil Nadu",3,3,"1,427.00 sq ft",Apartment
875,"USD $301,959","Kondapur, Hyderabad, Andhra Pradesh",3,3,"1,855.00 sq ft",Apartment
876,"USD $136,532","Vanagaram, Chennai, Tamil Nadu",2,2,"1,036.00 sq ft",Apartment
877,,"Gota, Ahmedabad, Gujarat",,,,Unit
878,,"Kasavanahalli, Bangalore, Karnataka",,,,Unit
879,,"Yelahanka, Bangalore, Karnataka",,,,Unit
880,,"Shela, Ahmedabad, Gujarat",,,,Unit
881,"USD $74,290","Mogappair, Chennai, Tamil Nadu",1,1,678.00 sq ft,Apartment
882,,"Sahakar Nagar, Bangalore, Karnataka",,,,Unit
883,,"Kondapur, Hyderabad, Andhra Pradesh",,,,Unit
884,,"Gota, Ahmedabad, Gujarat",,,,Unit
885,,"Kogilu, Bangalore, Karnataka",,,,Unit
886,,"Shilaj, Ahmedabad, Gujarat",,,,Unit
887,,"Manapakkam, Chennai, Tamil Nadu",,,,Unit
888,,"Manapakkam, Chennai, Tamil Nadu",,,,Unit
889,,"Mogappair, Chennai, Tamil Nadu",,,,Unit
890,"USD $133,632","Vanagaram, Chennai, Tamil Nadu",2,2,"1,014.00 sq ft",Apartment
891,,"Budigere Cross, Bangalore, Karnataka",,,,Unit
892,,"Chikkagubbi on Hennur Main Road, Bangalore, Karnataka",,,,Unit
893,,"Sector 88A, Gurgaon, Haryana",,,,Unit
894,,"Perungudi, Chennai, Tamil Nadu",,,,Unit
895,"USD $184,898","Vanagaram, Chennai, Tamil Nadu",3,3,"1,403.00 sq ft",Apartment
896,,"Kodigehalli, Bangalore, Karnataka",,,,Unit
897,,"Thirumazhisai, Chennai, Tamil Nadu",,,,Unit
898,,"Sonarpur, Kolkata, West Bengal",,,,Unit
899,"USD $184,766","Vanagaram, Chennai, Tamil Nadu",3,3,"1,402.00 sq ft",Apartment
900,,"Miyapur, Hyderabad, Andhra Pradesh",,,,Unit
901,,"Tangra, Kolkata, West Bengal",,,,Unit
902,"USD $133,501","Vanagaram, Chennai, Tamil Nadu",2,2,"1,013.00 sq ft",Apartment
903,,"Sopan Baug, Pune, Maharashtra",,,,Unit
904,"USD $228,209","Kokapet, Hyderabad, Andhra Pradesh",3,3,"1,905.00 sq ft",Apartment
905,,"Miyapur, Hyderabad, Andhra Pradesh",,,,Unit
906,,"Guduvancheri, Chennai, Tamil Nadu",,,,Unit
907,,"Sector 36A, Gurgaon, Haryana",,,,Unit
908,,"Mogappair, Chennai, Tamil Nadu",,,,Unit
909,,"Begur, Bangalore, Karnataka",,,,Unit
910,"USD $623,742","Sector 36A, Gurgaon, Haryana",3,3,"2,503.00 sq ft",Apartment
911,,"Sector 102, Gurgaon, Haryana",,,,Unit
912,,"Whitefield Hope Farm Junction, Bangalore, Karnataka",,,,Unit
913,,"Perumbakkam, Chennai, Tamil Nadu",,,,Unit
914,,"Maheshwaram, Hyderabad, Andhra Pradesh",,,,Unit
915,,"Perungalathur, Chennai, Tamil Nadu",,,,Unit
916,,"Manapakkam, Chennai, Tamil Nadu",,,,Unit
917,,"Whitefield Hope Farm Junction, Bangalore, Karnataka",,,,Unit
918,,"Mogappair, Chennai, Tamil Nadu",,,,Unit
919,,"Vanagaram, Chennai, Tamil Nadu",,,,Unit
920,,"Manapakkam, Chennai, Tamil Nadu",,,,Unit
921,,"Moti Nagar, Hyderabad, Andhra Pradesh",,,,Unit
922,,"Sector 102, Gurgaon, Haryana",,,,Unit
923,,"Pragathi Nagar Kukatpally, Hyderabad, Andhra Pradesh",,,,Unit
924,,"Manapakkam, Chennai, Tamil Nadu",,,,Unit
925,,"Kandivali East, Mumbai, Maharashtra",,,,Unit
926,"USD $545,317","Kondapur, Hyderabad, Andhra Pradesh",4,4,"3,350.00 sq ft",Apartment
927,"USD $253,965","Kokapet, Hyderabad, Andhra Pradesh",3,3,"2,120.00 sq ft",Apartment
928,,"Kanakapura Road Beyond Nice Ring Road, Bangalore, Karnataka",,,,Unit
929,,"Kokapet, Hyderabad, Andhra Pradesh",,,,Unit
930,,"Kanakapura Road Beyond Nice Ring Road, Bangalore, Karnataka",,,,Unit
931,,"Topsia, Kolkata, West Bengal",,,,Unit
932,"USD $372,769","Kondapur, Hyderabad, Andhra Pradesh",3,3,"2,290.00 sq ft",Apartment
933,,"Vanagaram, Chennai, Tamil Nadu",,,,Unit
934,,"Porur, Chennai, Tamil Nadu",,,,Unit
935,,"Sector 99A, Gurgaon, Haryana",,,,Unit
936,,"Whitefield Hope Farm Junction, Bangalore, Karnataka",,,,Unit
937,,"Vijayanagar, Bangalore, Karnataka",,,,Unit
938,,"Near Vaishno Devi Circle On SG Highway, Ahmedabad, Gujarat",,,,Unit
939,,"Kogilu, Bangalore, Karnataka",,,,Unit
940,,"Egmore, Chennai, Tamil Nadu",,,,Unit
941,,"Sector 63, Gurgaon, Haryana",,,,Unit
942,,"Serampore, Kolkata, West Bengal",,,,Unit
943,,"Kokapet, Hyderabad, Andhra Pradesh",,,,Unit
944,,"Kumbalgodu, Bangalore, Karnataka",,,,Unit
945,,"Ballygunge, Kolkata, West Bengal",,,,Unit
946,,"Kannamangala, Bangalore, Karnataka",,,,Unit
947,,"Electronic City Phase 1, Bangalore, Karnataka",,,,Unit
948,"USD $94,683","Budigere Cross, Bangalore, Karnataka",3,3,"1,055.00 sq ft",Apartment
949,,"New Town, Kolkata, West Bengal",,,,Unit
950,,"Moti Nagar, Hyderabad, Andhra Pradesh",,,,Unit
951,,"Moti Nagar, Hyderabad, Andhra Pradesh",,,,Unit
952,"USD $79,695","Budigere Cross, Bangalore, Karnataka",2,2,888.00 sq ft,Apartment
953,,"Narendrapur, Kolkata, West Bengal",,,,Unit
954,"USD $66,862","Budigere Cross, Bangalore, Karnataka",2,2,745.00 sq ft,Apartment
955,,"Budigere Cross, Bangalore, Karnataka",,,,Unit
956,,"Talaghattapura, Bangalore, Karnataka",,,,Unit
957,,"Narsingi, Hyderabad, Andhra Pradesh",,,,Unit
958,,"Chamrajpet, Bangalore, Karnataka",,,,Unit
959,,"Near Vaishno Devi Circle On SG Highway, Ahmedabad, Gujarat",,,,Unit
960,,"Kelambakkam, Chennai, Tamil Nadu",,,,Unit
961,,"Kelambakkam, Chennai, Tamil Nadu",,,,Unit
962,,"Tangra, Kolkata, West Bengal",,,,Unit
963,,"Kelambakkam, Chennai, Tamil Nadu",,,,Unit
964,,"Salt Lake City, Kolkata, West Bengal",,,,Unit
965,,"Narsingi, Hyderabad, Andhra Pradesh",,,,Unit
966,,"Kannamangala, Bangalore, Karnataka",,,,Unit
967,,"Near Vaishno Devi Circle On SG Highway, Ahmedabad, Gujarat",,,,Unit
968,,"Near Vaishno Devi Circle On SG Highway, Ahmedabad, Gujarat",,,,Unit
969,"USD $319,865","Kondapur, Hyderabad, Andhra Pradesh",3,3,"1,965.00 sq ft",Apartment
970,,"Kondapur, Hyderabad, Andhra Pradesh",,,,Unit
971,,"Shela, Ahmedabad, Gujarat",,,,Unit
972,,"Whitefield Hope Farm Junction, Bangalore, Karnataka",,,,Unit
973,,"Bachupally, Hyderabad, Andhra Pradesh",,,,Unit
974,,"Sector 36 Sohna, Gurgaon, Haryana",,,,Unit
975,,"Shela, Ahmedabad, Gujarat",,,,Unit
976,,"Sector 79, Gurgaon, Haryana",,,,Unit
977,,"Vastrapur, Ahmedabad, Gujarat",,,,Unit
978,,"Medavakkam, Chennai, Tamil Nadu",,,,Unit
979,"USD $70,675","Bagaluru Near Yelahanka, Bangalore, Karnataka",2,2,938.00 sq ft,Apartment
980,,"Chamrajpet, Bangalore, Karnataka",,,,Unit
981,"USD $141,372","Begur, Bangalore, Karnataka",2,2,933.00 sq ft,Apartment
982,,"New Town, Kolkata, West Bengal",,,,Unit
983,,"Bagaluru Near Yelahanka, Bangalore, Karnataka",,,,Unit
984,,"Kanakapura Road Beyond Nice Ring Road, Bangalore, Karnataka",,,,Unit
985,,"Begur, Bangalore, Karnataka",,,,Unit
986,,"Yelahanka, Bangalore, Karnataka",,,,Unit
987,,"Yelahanka, Bangalore, Karnataka",,,,Unit
988,,"Mogappair, Chennai, Tamil Nadu",,,,Unit
989,,"Kanathur Reddikuppam, Chennai, Tamil Nadu",,,,Unit
990,,"Kanakapura Road Beyond Nice Ring Road, Bangalore, Karnataka",,,,Unit
991,,"Manikonda, Hyderabad, Andhra Pradesh",,,,Unit
992,,"Medavakkam, Chennai, Tamil Nadu",,,,Unit
993,,"Hafeezpet, Hyderabad, Andhra Pradesh",,,,Unit
994,,"Hafeezpet, Hyderabad, Andhra Pradesh",,,,Unit
995,,"Hafeezpet, Hyderabad, Andhra Pradesh",,,,Unit
996,,"Hafeezpet, Hyderabad, Andhra Pradesh",,,,Unit
997,,"Chamrajpet, Bangalore, Karnataka",,,,Unit
998,,"Hafeezpet, Hyderabad, Andhra Pradesh",,,,Unit
999,,"Kovur, Chennai, Tamil Nadu",,,,Unit
1000,"USD $170,121","Bagaluru Near Yelahanka, Bangalore, Karnataka",2,2,"1,200.00 sq ft",Apartment
1001,"USD $90,768","Yelahanka, Bangalore, Karnataka",2,2,900.00 sq ft,Apartment
1002,"USD $170,971","Bagaluru Near Yelahanka, Bangalore, Karnataka",2,2,"1,206.00 sq ft",Apartment
1003,"USD $239,445","Bagaluru Near Yelahanka, Bangalore, Karnataka",3,3,"1,689.00 sq ft",Apartment
1004,"USD $186,424","Bagaluru Near Yelahanka, Bangalore, Karnataka",2,2,"1,315.00 sq ft",Apartment
1005,,"Kumbalgodu, Bangalore, Karnataka",,,,Unit
1006,,"Navallur, Chennai, Tamil Nadu",,,,Unit
1007,"USD $109,779","Rajarhat, Kolkata, West Bengal",3,3,"1,400.00 sq ft",Apartment
1008,"USD $76,218","Rajarhat, Kolkata, West Bengal",2,2,972.00 sq ft,Apartment
1009,"USD $277,663","Sector 102, Gurgaon, Haryana",3,3,"1,852.00 sq ft",Apartment
1010,,"Sector 77, Gurgaon, Haryana",,,,Unit
1011,,"Gachibowli, Hyderabad, Andhra Pradesh",,,,Unit
1012,"USD $263,687","Bagaluru Near Yelahanka, Bangalore, Karnataka",3,3,"1,860.00 sq ft",Apartment
1013,,"Sector 36 Sohna, Gurgaon, Haryana",,,,Unit
1014,,"Kolapakkam, Chennai, Tamil Nadu",,,,Unit
1015,,"Mokila, Hyderabad, Andhra Pradesh",,,,Unit
1016,,"ITPL, Bangalore, Karnataka",,,,Unit
1017,"USD $244,123","Bagaluru Near Yelahanka, Bangalore, Karnataka",3,3,"1,722.00 sq ft",Apartment
1018,,"Sector 77, Gurgaon, Haryana",,,,Unit
1019,,"New Alipore, Kolkata, West Bengal",,,,Unit
1020,"USD $112,552","Yelahanka, Bangalore, Karnataka",3,3,"1,116.00 sq ft",Apartment
1021,"USD $96,223","Talaghattapura, Bangalore, Karnataka",2,2,945.00 sq ft,Apartment
1022,"USD $874,833","Hebbal, Bangalore, Karnataka",4,4,"5,260.00 sq ft",Apartment
1023,,"Bagaluru Near Yelahanka, Bangalore, Karnataka",,,,Unit
1024,,"Tellapur, Hyderabad, Andhra Pradesh",,,,Unit
1025,,"Budigere Cross, Bangalore, Karnataka",,,,Unit
1026,,"Kumbalgodu, Bangalore, Karnataka",,,,Unit
1027,,"Appa Junction Peerancheru, Hyderabad, Andhra Pradesh",,,,Unit
1028,"USD $106,904","Yelahanka, Bangalore, Karnataka",3,3,"1,060.00 sq ft",Apartment
1029,,"Beliaghata, Kolkata, West Bengal",,,,Unit
1030,,"Hinjewadi, Pune, Maharashtra",,,,Unit
1031,,"Bannerghatta, Bangalore, Karnataka",,,,Unit
1032,"USD $95,743","Rajarhat, Kolkata, West Bengal",3,3,"1,221.00 sq ft",Apartment
1033,,"Manikonda, Hyderabad, Andhra Pradesh",,,,Unit
1034,,"Tellapur, Hyderabad, Andhra Pradesh",,,,Unit
1035,,"Mukundapur, Kolkata, West Bengal",,,,Unit
1036,"USD $207,405","Bagaluru Near Yelahanka, Bangalore, Karnataka",3,3,"1,463.00 sq ft",Apartment
1037,,"Krishnarajapura, Bangalore, Karnataka",,,,Unit
1038,,"Chikkanayakanahalli at Off Sarjapur, Bangalore, Karnataka",,,,Unit
1039,,"Narsingi, Hyderabad, Andhra Pradesh",,,,Unit
1040,,"Varthur, Bangalore, Karnataka",,,,Unit
1041,,"Electronic City Phase 2, Bangalore, Karnataka",,,,Unit
1042,,"Bandlaguda Jagir, Hyderabad, Andhra Pradesh",,,,Unit
1043,"USD $141,364","Mogappair, Chennai, Tamil Nadu",2,2,"1,288.00 sq ft",Apartment
1044,,"Sector 86, Gurgaon, Haryana",,,,Unit
1045,,"Hebbal, Bangalore, Karnataka",,,,Unit
1046,,"Whitefield Hope Farm Junction, Bangalore, Karnataka",,,,Unit
1047,,"Sector 79, Gurgaon, Haryana",,,,Unit
1048,"USD $253,675","Sector 102, Gurgaon, Haryana",3,3,"1,692.00 sq ft",Apartment
1049,,"Nallagandla Gachibowli, Hyderabad, Andhra Pradesh",,,,Unit
1050,,"Devanahalli, Bangalore, Karnataka",,,,Unit
1051,,"Tollygunge, Kolkata, West Bengal",,,,Unit
1052,"USD $130,436","Talaghattapura, Bangalore, Karnataka",3,2,"1,281.00 sq ft",Apartment
1053,,"Thalambur, Chennai, Tamil Nadu",,,,Unit
1054,,"Thanisandra, Bangalore, Karnataka",,,,Unit
1055,,"Sholinganallur, Chennai, Tamil Nadu",,,,Unit
1056,,"Sarjapur Road Wipro To Railway Crossing, Bangalore, Karnataka",,,,Unit
1057,,"Krishnarajapura, Bangalore, Karnataka",,,,Unit
1058,,"Kannur on Thanisandra Main Road, Bangalore, Karnataka",,,,Unit
1059,,"Kannamangala, Bangalore, Karnataka",,,,Unit
1060,,"Kokapet, Hyderabad, Andhra Pradesh",,,,Unit
1061,"USD $92,920","Rajarhat, Kolkata, West Bengal",3,3,"1,185.00 sq ft",Apartment
1062,,"Rajarhat, Kolkata, West Bengal",,,,Unit
1063,,"Bagaluru Near Yelahanka, Bangalore, Karnataka",,,,Unit
1064,,"Kondapur, Hyderabad, Andhra Pradesh",,,,Unit
1065,,"Gopanpally, Hyderabad, Andhra Pradesh",,,,Unit
1066,,"Yelahanka, Bangalore, Karnataka",,,,Unit
1067,,"Bachupally, Hyderabad, Andhra Pradesh",,,,Unit
1068,,"Kondapur, Hyderabad, Andhra Pradesh",,,,Unit
1069,,"Sector 22 Gurgaon, Gurgaon, Haryana",,,,Unit
1070,,"Sector 81, Gurgaon, Haryana",,,,Unit
1071,,"Alipore, Kolkata, West Bengal",,,,Unit
1072,,"Subramanyapura, Bangalore, Karnataka",,,,Unit
1073,,"Sector 102, Gurgaon, Haryana",,,,Unit
1074,,"Rajarhat, Kolkata, West Bengal",,,,Unit
1075,,"Nagawara, Bangalore, Karnataka",,,,Unit
1076,,"Varthur, Bangalore, Karnataka",,,,Unit
1077,,"Talaghattapura, Bangalore, Karnataka",,,,Unit
1078,,"Varthur, Bangalore, Karnataka",,,,Unit
1079,,"Hebbal, Bangalore, Karnataka",,,,Unit
1080,,"Shaikpet, Hyderabad, Andhra Pradesh",,,,Unit
1081,"USD $134,509","Talaghattapura, Bangalore, Karnataka",3,2,"1,321.00 sq ft",Apartment
1082,,"Kanakapura Road Beyond Nice Ring Road, Bangalore, Karnataka",,,,Unit
1083,"USD $116,292","Mogappair, Chennai, Tamil Nadu",2,2,"1,062.00 sq ft",Apartment
1084,,"Mogappair, Chennai, Tamil Nadu",,,,Unit
1085,,"Thanisandra, Bangalore, Karnataka",,,,Unit
1086,,"Devanahalli, Bangalore, Karnataka",,,,Unit
1087,,"Shaikpet, Hyderabad, Andhra Pradesh",,,,Unit
1088,,"Electronic City Phase 1, Bangalore, Karnataka",,,,Unit
1089,,"Devanahalli, Bangalore, Karnataka",,,,Unit
1090,,"Bagaluru Near Yelahanka, Bangalore, Karnataka",,,,Unit
1091,,"Gachibowli, Hyderabad, Andhra Pradesh",,,,Unit
1092,,"Whitefield Hope Farm Junction, Bangalore, Karnataka",,,,Unit
1093,,"Rajarhat, Kolkata, West Bengal",,,,Unit
1094,,"Sector 79, Gurgaon, Haryana",,,,Unit
1095,,"Jakkur, Bangalore, Karnataka",,,,Unit
1096,,"Varthur, Bangalore, Karnataka",,,,Unit
1097,,"Bagaluru Near Yelahanka, Bangalore, Karnataka",,,,Unit
1098,,"Thanisandra, Bangalore, Karnataka",,,,Unit
1099,,"JP Nagar Phase 7, Bangalore, Karnataka",,,,Unit
1100,,"Kanakapura Road Beyond Nice Ring Road, Bangalore, Karnataka",,,,Unit
1101,,"Dasarahalli on Tumkur Road, Bangalore, Karnataka",,,,Unit
1102,"USD $77,605","Shela, Ahmedabad, Gujarat",3,3,"1,505.00 sq ft",Apartment
1103,,"Shela, Ahmedabad, Gujarat",,,,Unit
1104,,"Whitefield Hope Farm Junction, Bangalore, Karnataka",,,,Unit
1105,,"Bommanahalli, Bangalore, Karnataka",,,,Unit
1106,,"Sector 92, Gurgaon, Haryana",,,,Unit
1107,,"Devanahalli, Bangalore, Karnataka",,,,Unit
1108,,"Kondapur, Hyderabad, Andhra Pradesh",,,,Unit
1109,,"Mahadevapura, Bangalore, Karnataka",,,,Unit
1110,,"Kondapur, Hyderabad, Andhra Pradesh",,,,Unit
1111,,"Sector 90, Gurgaon, Haryana",,,,Unit
1112,,"Bannerghatta, Bangalore, Karnataka",,,,Unit
1113,,"Anagalapura Near Hennur Main Road, Bangalore, Karnataka",,,,Unit
1114,,"Padur, Chennai, Tamil Nadu",,,,Unit
1115,,"Sarjapur Road Wipro To Railway Crossing, Bangalore, Karnataka",,,,Unit
1116,,"Kuthambakkam, Chennai, Tamil Nadu",,,,Unit
1117,,"Konanakunte, Bangalore, Karnataka",,,,Unit
1118,,"Varthur, Bangalore, Karnataka",,,,Unit
1119,,"CHI 5, Greater Noida, Uttar Pradesh",,,,Unit
1120,,"Sector 150, Noida, Uttar Pradesh",,,,Unit
1121,,"Chikkanayakanahalli at Off Sarjapur, Bangalore, Karnataka",,,,Unit
1122,,"Marathahalli, Bangalore, Karnataka",,,,Unit
1123,,"Hitech City, Hyderabad, Andhra Pradesh",,,,Unit
1124,,"Nager Bazar, Kolkata, West Bengal",,,,Unit
1125,,"Whitefield Hope Farm Junction, Bangalore, Karnataka",,,,Unit
1126,,"Pallavaram, Chennai, Tamil Nadu",,,,Unit
1127,,"Sholinganallur, Chennai, Tamil Nadu",,,,Unit
1128,,"Krishnarajapura, Bangalore, Karnataka",,,,Unit
1129,,"Kannur on Thanisandra Main Road, Bangalore, Karnataka",,,,Unit
1130,,"Near Vaishno Devi Circle On SG Highway, Ahmedabad, Gujarat",,,,Unit
1131,"USD $211,517","Bagaluru Near Yelahanka, Bangalore, Karnataka",3,3,"1,492.00 sq ft",Apartment
1132,,"Bagaluru Near Yelahanka, Bangalore, Karnataka",,,,Unit
1133,,"Whitefield Hope Farm Junction, Bangalore, Karnataka",,,,Unit
1134,,"Sector 104, Gurgaon, Haryana",,,,Unit
1135,,"Bagaluru Near Yelahanka, Bangalore, Karnataka",,,,Unit
1136,,"Kannamangala, Bangalore, Karnataka",,,,Unit
1137,,"Bagaluru Near Yelahanka, Bangalore, Karnataka",,,,Unit
1138,,"Kondapur, Hyderabad, Andhra Pradesh",,,,Unit
1139,,"Dum Dum, Kolkata, West Bengal",,,,Unit
1140,,"Kismatpur, Hyderabad, Andhra Pradesh",,,,Unit
1141,,"Kokapet, Hyderabad, Andhra Pradesh",,,,Unit
1142,,"Nayandahalli, Bangalore, Karnataka",,,,Unit
1143,,"Nayandahalli, Bangalore, Karnataka",,,,Unit
1144,,"Nayandahalli, Bangalore, Karnataka",,,,Unit
1145,,"Sector 81, Gurgaon, Haryana",,,,Unit
1146,,"Tellapur, Hyderabad, Andhra Pradesh",,,,Unit
1147,,"Dum Dum, Kolkata, West Bengal",,,,Unit
1148,,"Sector 91, Gurgaon, Haryana",,,,Unit
1149,,"Kogilu, Bangalore, Karnataka",,,,Unit
1150,,"Dasarahalli on Tumkur Road, Bangalore, Karnataka",,,,Unit
1151,,"Hitech City, Hyderabad, Andhra Pradesh",,,,Unit
1152,,"Padur, Chennai, Tamil Nadu",,,,Unit
1153,,"Sanathal, Ahmedabad, Gujarat",,,,Unit
1154,,"Padur, Chennai, Tamil Nadu",,,,Unit
1155,,"Kumaraswamy Layout, Bangalore, Karnataka",,,,Unit
1156,,"Sector 150, Noida, Uttar Pradesh",,,,Unit
1157,,"Moolacheri, Chennai, Tamil Nadu",,,,Unit
1158,,"Vastrapur, Ahmedabad, Gujarat",,,,Unit
1159,,"Thaiyur, Chennai, Tamil Nadu",,,,Unit
1160,,"Budigere Cross, Bangalore, Karnataka",,,,Unit
1161,,"ITPL, Bangalore, Karnataka",,,,Unit
1162,,"Krishnarajapura, Bangalore, Karnataka",,,,Unit
1163,,"Guduvancheri, Chennai, Tamil Nadu",,,,Unit
1164,,"Sector 59, Gurgaon, Haryana",,,,Unit
1165,,"Perungalathur, Chennai, Tamil Nadu",,,,Unit
1166,,"Narayanapura on Hennur Main Road, Bangalore, Karnataka",,,,Unit
1167,,"Sholinganallur, Chennai, Tamil Nadu",,,,Unit
1168,,"Manikonda, Hyderabad, Andhra Pradesh",,,,Unit
1169,,"Sector 86, Gurgaon, Haryana",,,,Unit
1170,,"Mangadu, Chennai, Tamil Nadu",,,,Unit
1171,,"Sector 106, Gurgaon, Haryana",,,,Unit
1172,,"Kelambakkam, Chennai, Tamil Nadu",,,,Unit
1173,,"Dasarahalli on Tumkur Road, Bangalore, Karnataka",,,,Unit
1174,,"Gota, Ahmedabad, Gujarat",,,,Unit
1175,,"Hitech City, Hyderabad, Andhra Pradesh",,,,Unit
1176,,"Joka, Kolkata, West Bengal",,,,Unit
1177,,"Vastrapur, Ahmedabad, Gujarat",,,,Unit
1178,"USD $118,333","Mogappair, Chennai, Tamil Nadu",2,2,"1,190.00 sq ft",Apartment
1179,,"Mogappair, Chennai, Tamil Nadu",,,,Unit
1180,,"Gottigere, Bangalore, Karnataka",,,,Unit
1181,,"Talaghattapura, Bangalore, Karnataka",,,,Unit
1182,,"Budigere Cross, Bangalore, Karnataka",,,,Unit
1183,,"Talaghattapura, Bangalore, Karnataka",,,,Unit
1184,,"Subramanyapura, Bangalore, Karnataka",,,,Unit
1185,,"Sector 33 Sohna, Gurgaon, Haryana",,,,Unit
1186,,"Tollygunge, Kolkata, West Bengal",,,,Unit
1187,,"Sector 77, Gurgaon, Haryana",,,,Unit
1188,,"Rajendra Nagar, Hyderabad, Andhra Pradesh",,,,Unit
1189,,"Wagholi, Pune, Maharashtra",,,,Unit
1190,,"Joka, Kolkata, West Bengal",,,,Unit
1191,,"Sector 33 Sohna, Gurgaon, Haryana",,,,Unit
1192,,"Sodepur, Kolkata, West Bengal",,,,Unit
1193,,"Jakkur, Bangalore, Karnataka",,,,Unit
1194,,"Kanakapura Road Beyond Nice Ring Road, Bangalore, Karnataka",,,,Unit
1195,,"Whitefield Hope Farm Junction, Bangalore, Karnataka",,,,Unit
1196,,"Whitefield Hope Farm Junction, Bangalore, Karnataka",,,,Unit
1197,,"Sector 89A, Gurgaon, Haryana",,,,Unit
1198,,"Sector 102, Gurgaon, Haryana",,,,Unit
1199,,"Lower Parel, Mumbai, Maharashtra",,,,Unit
1200,,"Baranagar, Kolkata, West Bengal",,,,Unit
1201,,"Sector 150, Noida, Uttar Pradesh",,,,Unit
1202,,"Sector 102, Gurgaon, Haryana",,,,Unit
1203,,"Sector 60, Gurgaon, Haryana",,,,Unit
1204,,"Devanahalli, Bangalore, Karnataka",,,,Unit
1205,,"Kannur on Thanisandra Main Road, Bangalore, Karnataka",,,,Unit
1206,,"PI, Greater Noida, Uttar Pradesh",,,,Unit
1207,,"PI, Greater Noida, Uttar Pradesh",,,,Unit
1208,,"Mahadevapura, Bangalore, Karnataka",,,,Unit
1209,,"Mukundapur, Kolkata, West Bengal",,,,Unit
1210,,"Madhyamgram, Kolkata, West Bengal",,,,Unit
1211,,"Gahunje, Pune, Maharashtra",,,,Unit
1212,,"New Town, Kolkata, West Bengal",,,,Unit
1213,,"Tollygunge, Kolkata, West Bengal",,,,Unit
1214,,"PI, Greater Noida, Uttar Pradesh",,,,Unit
1215,,"Sector 150, Noida, Uttar Pradesh",,,,Unit
1216,,"Jakkur, Bangalore, Karnataka",,,,Unit
1217,,"Tollygunge, Kolkata, West Bengal",,,,Unit
1218,,"Powai, Mumbai, Maharashtra",,,,Unit
1219,,"Sector 33 Sohna, Gurgaon, Haryana",,,,Unit
1220,,"Subramanyapura, Bangalore, Karnataka",,,,Unit
1221,,"Sector 108, Gurgaon, Haryana",,,,Unit
1222,,"Gachibowli, Hyderabad, Andhra Pradesh",,,,Unit
1223,,"Kanjurmarg, Mumbai, Maharashtra",,,,Unit
1224,,"JP Nagar Phase 8, Bangalore, Karnataka",,,,Unit
1225,,"Madurdaha Hussainpur, Kolkata, West Bengal",,,,Unit
1226,,"Padur, Chennai, Tamil Nadu",,,,Unit
1227,,"Appa Junction Peerancheru, Hyderabad, Andhra Pradesh",,,,Unit
1228,,"Hitech City, Hyderabad, Andhra Pradesh",,,,Unit
1229,,"JP Nagar Phase 9, Bangalore, Karnataka",,,,Unit
1230,,"Shaikpet, Hyderabad, Andhra Pradesh",,,,Unit
1231,,"Sanath Nagar, Hyderabad, Andhra Pradesh",,,,Unit
1232,,"Sector 113, Gurgaon, Haryana",,,,Unit
1233,,"Nanakramguda, Hyderabad, Andhra Pradesh",,,,Unit
1234,,"New Town, Kolkata, West Bengal",,,,Unit
1235,,"Kanakapura Road Beyond Nice Ring Road, Bangalore, Karnataka",,,,Unit
1236,,"Perambur, Chennai, Tamil Nadu",,,,Unit
1237,,"Picnic Garden, Kolkata, West Bengal",,,,Unit
1238,,"Kukatpally, Hyderabad, Andhra Pradesh",,,,Unit
1239,,"Karapakkam, Chennai, Tamil Nadu",,,,Unit
1240,,"Joka, Kolkata, West Bengal",,,,Unit
1241,,"Salt Lake City, Kolkata, West Bengal",,,,Unit
1242,,"Begur, Bangalore, Karnataka",,,,Unit
1243,,"Kondapur, Hyderabad, Andhra Pradesh",,,,Unit
1244,,"Garia, Kolkata, West Bengal",,,,Unit
1245,,"Narsingi, Hyderabad, Andhra Pradesh",,,,Unit
1246,,"Budigere Cross, Bangalore, Karnataka",,,,Unit
1247,,"Rajarhat, Kolkata, West Bengal",,,,Unit
1248,,"Dasarahalli on Tumkur Road, Bangalore, Karnataka",,,,Unit
1249,,"Bellandur, Bangalore, Karnataka",,,,Unit
